state,a0,a1,a2,a3,a4,a5,a6,a7
0,0.0000,0.0000,0.0000,0.0000,0.0000,0.0000,0.0000,0.0000
1,0.0000,0.0000,0.0000,0.0000,0.0000,0.0000,0.0000,0.0000
2,0.0000,-1.4574,0.0000,-1.4116,0.0000,-1.1000,0.0000,-1.1000
3,0.0000,0.0000,0.0000,0.0000,0.0000,0.0000,0.0000,0.0000
4,0.0000,0.0000,0.0000,0.0000,0.0000,0.0000,0.0000,0.0000
5,0.0000,0.0000,0.0000,0.0000,0.0000,0.0000,0.0000,0.0000
6,0.0000,-1.5392,0.0000,-1.5058,0.0000,-1.1816,-1.0000,0.0000
7,0.0000,0.0000,0.0000,0.0000,0.0000,0.0000,0.0000,0.0000
8,0.0000,0.0000,0.0000,0.0000,0.0000,0.0000,0.0000,0.0000
9,0.0000,0.0000,0.0000,0.0000,0.0000,0.0000,0.0000,0.0000
10,0.0000,-1.1187,0.0000,-1.2541,-0.3611,0.0000,0.0000,-1.1144
11,0.0000,0.0000,0.0000,0.0000,0.0000,0.0000,0.0000,0.0000
12,0.0000,0.0000,0.0000,0.0000,0.0000,0.0000,0.0000,0.0000
13,0.0000,0.0000,0.0000,0.0000,0.0000,0.0000,0.0000,0.0000
14,0.0000,-1.5532,0.0000,-1.6413,-1.0850,0.0000,-1.1256,0.0000
15,0.0000,0.0000,0.0000,0.0000,0.0000,0.0000,0.0000,0.0000
16,0.0000,0.0000,0.0000,0.0000,0.0000,0.0000,0.0000,0.0000
17,0.0000,0.0000,0.0000,0.0000,0.0000,0.0000,0.0000,0.0000
18,0.0000,-1.7004,-0.9904,0.0000,0.0000,-1.5258,0.0000,-1.5404
19,0.0000,0.0000,0.0000,0.0000,0.0000,0.0000,0.0000,0.0000
20,0.0000,0.0000,0.0000,0.0000,0.0000,0.0000,0.0000,0.0000
21,0.0000,0.0000,0.0000,0.0000,0.0000,0.0000,0.0000,0.0000
22,0.0000,-1.7498,-0.9258,0.0000,0.0000,-1.5089,-1.3176,0.0000
23,0.0000,0.0000,0.0000,0.0000,0.0000,0.0000,0.0000,0.0000
24,0.0000,0.0000,0.0000,0.0000,0.0000,0.0000,0.0000,0.0000
25,0.0000,0.0000,0.0000,0.0000,0.0000,0.0000,0.0000,0.0000
26,0.0000,-1.8343,-1.0936,0.0000,-1.5656,0.0000,0.0000,-1.6353
27,0.0000,0.0000,0.0000,0.0000,0.0000,0.0000,0.0000,0.0000
28,0.0000,0.0000,0.0000,0.0000,0.0000,0.0000,0.0000,0.0000
29,0.0000,0.0000,0.0000,0.0000,0.0000,0.0000,0.0000,0.0000
30,0.0000,-1.7500,-1.1397,0.0000,-1.2986,0.0000,-1.6900,0.0000
31,0.0000,0.0000,0.0000,0.0000,0.0000,0.0000,0.0000,0.0000
32,0.0000,0.0000,0.0000,0.0000,0.0000,0.0000,0.0000,0.0000
33,0.0000,0.0000,0.0000,0.0000,0.0000,0.0000,0.0000,0.0000
34,-1.3280,0.0000,0.0000,-1.6299,0.0000,-1.5097,0.0000,-1.5244
35,0.0000,0.0000,0.0000,0.0000,0.0000,0.0000,0.0000,0.0000
36,0.0000,0.0000,0.0000,0.0000,0.0000,0.0000,0.0000,0.0000
37,0.0000,0.0000,0.0000,0.0000,0.0000,0.0000,0.0000,0.0000
38,-1.0848,0.0000,0.0000,-1.6676,0.0000,-1.4448,-1.3176,0.0000
39,0.0000,0.0000,0.0000,0.0000,0.0000,0.0000,0.0000,0.0000
40,0.0000,0.0000,0.0000,0.0000,0.0000,0.0000,0.0000,0.0000
41,0.0000,0.0000,0.0000,0.0000,0.0000,0.0000,0.0000,0.0000
42,-1.0830,0.0000,0.0000,-1.8447,-1.3523,0.0000,0.0000,-1.5780
43,0.0000,0.0000,0.0000,0.0000,0.0000,0.0000,0.0000,0.0000
44,0.0000,0.0000,0.0000,0.0000,0.0000,0.0000,0.0000,0.0000
45,0.0000,0.0000,0.0000,0.0000,0.0000,0.0000,0.0000,0.0000
46,-1.1506,0.0000,0.0000,-1.3477,-1.1933,0.0000,-1.1933,0.0000
47,0.0000,0.0000,0.0000,0.0000,0.0000,0.0000,0.0000,0.0000
48,0.0000,0.0000,0.0000,0.0000,0.0000,0.0000,0.0000,0.0000
49,0.0000,0.0000,0.0000,0.0000,0.0000,0.0000,0.0000,0.0000
50,-1.4364,0.0000,-1.4293,0.0000,0.0000,-1.4410,0.0000,-1.4410
51,0.0000,0.0000,0.0000,0.0000,0.0000,0.0000,0.0000,0.0000
52,0.0000,0.0000,0.0000,0.0000,0.0000,0.0000,0.0000,0.0000
53,0.0000,0.0000,0.0000,0.0000,0.0000,0.0000,0.0000,0.0000
54,-1.3035,0.0000,-1.2706,0.0000,0.0000,-1.3477,-1.3026,0.0000
55,0.0000,0.0000,0.0000,0.0000,0.0000,0.0000,0.0000,0.0000
56,0.0000,0.0000,0.0000,0.0000,0.0000,0.0000,0.0000,0.0000
57,0.0000,0.0000,0.0000,0.0000,0.0000,0.0000,0.0000,0.0000
58,-1.3332,0.0000,-1.3035,0.0000,-1.3724,0.0000,0.0000,-1.3477
59,0.0000,0.0000,0.0000,0.0000,0.0000,0.0000,0.0000,0.0000
60,0.0000,0.0000,0.0000,0.0000,0.0000,0.0000,0.0000,0.0000
61,0.0000,0.0000,0.0000,0.0000,0.0000,0.0000,0.0000,0.0000
62,-1.1072,0.0000,-1.1072,0.0000,-1.0956,0.0000,-1.0956,0.0000
63,0.0000,0.0000,0.0000,0.0000,0.0000,0.0000,0.0000,0.0000
64,0.0000,0.0000,0.0000,0.0000,0.0000,0.0000,0.0000,0.0000
65,0.0000,0.0000,0.0000,0.0000,0.0000,0.0000,0.0000,0.0000
66,0.0000,0.0000,0.0000,0.0000,0.0000,0.0000,0.0000,0.0000
67,0.0000,0.0000,0.0000,0.0000,0.0000,0.0000,0.0000,0.0000
68,0.0000,0.0000,0.0000,0.0000,0.0000,0.0000,0.0000,0.0000
69,0.0000,0.0000,0.0000,0.0000,0.0000,0.0000,0.0000,0.0000
70,0.0000,0.0000,0.0000,0.0000,0.0000,0.0000,0.0000,0.0000
71,0.0000,0.0000,0.0000,0.0000,0.0000,0.0000,0.0000,0.0000
72,0.0000,0.0000,0.0000,0.0000,0.0000,0.0000,0.0000,0.0000
73,0.0000,0.0000,0.0000,0.0000,0.0000,0.0000,0.0000,0.0000
74,0.0000,0.0000,0.0000,0.0000,0.0000,0.0000,0.0000,0.0000
75,0.0000,0.0000,0.0000,0.0000,0.0000,0.0000,0.0000,0.0000
76,0.0000,0.0000,0.0000,0.0000,0.0000,0.0000,0.0000,0.0000
77,0.0000,0.0000,0.0000,0.0000,0.0000,0.0000,0.0000,0.0000
78,0.0000,0.0000,0.0000,0.0000,0.0000,0.0000,0.0000,0.0000
79,0.0000,0.0000,0.0000,0.0000,0.0000,0.0000,0.0000,0.0000
80,0.0000,0.0000,0.0000,0.0000,0.0000,0.0000,0.0000,0.0000
81,0.0000,0.0000,0.0000,0.0000,0.0000,0.0000,0.0000,0.0000
82,0.0000,0.0000,0.0000,0.0000,0.0000,0.0000,0.0000,0.0000
83,0.0000,0.0000,0.0000,0.0000,0.0000,0.0000,0.0000,0.0000
84,0.0000,0.0000,0.0000,0.0000,0.0000,0.0000,0.0000,0.0000
85,0.0000,0.0000,0.0000,0.0000,0.0000,0.0000,0.0000,0.0000
86,0.0000,0.0000,0.0000,0.0000,0.0000,0.0000,0.0000,0.0000
87,0.0000,0.0000,0.0000,0.0000,0.0000,0.0000,0.0000,0.0000
88,0.0000,0.0000,0.0000,0.0000,0.0000,0.0000,0.0000,0.0000
89,0.0000,0.0000,0.0000,0.0000,0.0000,0.0000,0.0000,0.0000
90,0.0000,0.0000,0.0000,0.0000,0.0000,0.0000,0.0000,0.0000
91,0.0000,0.0000,0.0000,0.0000,0.0000,0.0000,0.0000,0.0000
92,0.0000,0.0000,0.0000,0.0000,0.0000,0.0000,0.0000,0.0000
93,0.0000,0.0000,0.0000,0.0000,0.0000,0.0000,0.0000,0.0000
94,0.0000,0.0000,0.0000,0.0000,0.0000,0.0000,0.0000,0.0000
95,0.0000,0.0000,0.0000,0.0000,0.0000,0.0000,0.0000,0.0000
96,0.0000,0.0000,0.0000,0.0000,0.0000,0.0000,0.0000,0.0000
97,0.0000,0.0000,0.0000,0.0000,0.0000,0.0000,0.0000,0.0000
98,0.0000,0.0000,0.0000,0.0000,0.0000,0.0000,0.0000,0.0000
99,0.0000,0.0000,0.0000,0.0000,0.0000,0.0000,0.0000,0.0000
100,0.0000,0.0000,0.0000,0.0000,0.0000,0.0000,0.0000,0.0000
101,0.0000,0.0000,0.0000,0.0000,0.0000,0.0000,0.0000,0.0000
102,0.0000,0.0000,0.0000,0.0000,0.0000,0.0000,0.0000,0.0000
103,0.0000,0.0000,0.0000,0.0000,0.0000,0.0000,0.0000,0.0000
104,0.0000,0.0000,0.0000,0.0000,0.0000,0.0000,0.0000,0.0000
105,0.0000,0.0000,0.0000,0.0000,0.0000,0.0000,0.0000,0.0000
106,0.0000,0.0000,0.0000,0.0000,0.0000,0.0000,0.0000,0.0000
107,0.0000,0.0000,0.0000,0.0000,0.0000,0.0000,0.0000,0.0000
108,0.0000,0.0000,0.0000,0.0000,0.0000,0.0000,0.0000,0.0000
109,0.0000,0.0000,0.0000,0.0000,0.0000,0.0000,0.0000,0.0000
110,0.0000,0.0000,0.0000,0.0000,0.0000,0.0000,0.0000,0.0000
111,0.0000,0.0000,0.0000,0.0000,0.0000,0.0000,0.0000,0.0000
112,0.0000,0.0000,0.0000,0.0000,0.0000,0.0000,0.0000,0.0000
113,0.0000,0.0000,0.0000,0.0000,0.0000,0.0000,0.0000,0.0000
114,0.0000,0.0000,0.0000,0.0000,0.0000,0.0000,0.0000,0.0000
115,0.0000,0.0000,0.0000,0.0000,0.0000,0.0000,0.0000,0.0000
116,0.0000,0.0000,0.0000,0.0000,0.0000,0.0000,0.0000,0.0000
117,0.0000,0.0000,0.0000,0.0000,0.0000,0.0000,0.0000,0.0000
118,0.0000,0.0000,0.0000,0.0000,0.0000,0.0000,0.0000,0.0000
119,0.0000,0.0000,0.0000,0.0000,0.0000,0.0000,0.0000,0.0000
120,0.0000,0.0000,0.0000,0.0000,0.0000,0.0000,0.0000,0.0000
121,0.0000,0.0000,0.0000,0.0000,0.0000,0.0000,0.0000,0.0000
122,0.0000,0.0000,0.0000,0.0000,0.0000,0.0000,0.0000,0.0000
123,0.0000,0.0000,0.0000,0.0000,0.0000,0.0000,0.0000,0.0000
124,0.0000,0.0000,0.0000,0.0000,0.0000,0.0000,0.0000,0.0000
125,0.0000,0.0000,0.0000,0.0000,0.0000,0.0000,0.0000,0.0000
126,0.0000,0.0000,0.0000,0.0000,0.0000,0.0000,0.0000,0.0000
127,0.0000,0.0000,0.0000,0.0000,0.0000,0.0000,0.0000,0.0000
128,0.0000,0.0000,0.0000,0.0000,0.0000,0.0000,0.0000,0.0000
129,0.0000,0.0000,0.0000,0.0000,0.0000,0.0000,0.0000,0.0000
130,0.0000,0.0000,0.0000,0.0000,0.0000,0.0000,0.0000,0.0000
131,0.0000,0.0000,0.0000,0.0000,0.0000,0.0000,0.0000,0.0000
132,0.0000,0.0000,0.0000,0.0000,0.0000,0.0000,0.0000,0.0000
133,0.0000,0.0000,0.0000,0.0000,0.0000,0.0000,0.0000,0.0000
134,0.0000,0.0000,0.0000,0.0000,0.0000,0.0000,0.0000,0.0000
135,0.0000,0.0000,0.0000,0.0000,0.0000,0.0000,0.0000,0.0000
136,0.0000,0.0000,0.0000,0.0000,0.0000,0.0000,0.0000,0.0000
137,0.0000,0.0000,0.0000,0.0000,0.0000,0.0000,0.0000,0.0000
138,0.0000,0.0000,0.0000,0.0000,0.0000,0.0000,0.0000,0.0000
139,0.0000,0.0000,0.0000,0.0000,0.0000,0.0000,0.0000,0.0000
140,0.0000,0.0000,0.0000,0.0000,0.0000,0.0000,0.0000,0.0000
141,0.0000,0.0000,0.0000,0.0000,0.0000,0.0000,0.0000,0.0000
142,0.0000,0.0000,0.0000,0.0000,0.0000,0.0000,0.0000,0.0000
143,0.0000,0.0000,0.0000,0.0000,0.0000,0.0000,0.0000,0.0000
144,0.0000,0.0000,0.0000,0.0000,0.0000,0.0000,0.0000,0.0000
145,0.0000,0.0000,0.0000,0.0000,0.0000,0.0000,0.0000,0.0000
146,0.0000,0.0000,0.0000,0.0000,0.0000,0.0000,0.0000,0.0000
147,0.0000,0.0000,0.0000,0.0000,0.0000,0.0000,0.0000,0.0000
148,0.0000,0.0000,0.0000,0.0000,0.0000,0.0000,0.0000,0.0000
149,0.0000,0.0000,0.0000,0.0000,0.0000,0.0000,0.0000,0.0000
150,0.0000,0.0000,0.0000,0.0000,0.0000,0.0000,0.0000,0.0000
151,0.0000,0.0000,0.0000,0.0000,0.0000,0.0000,0.0000,0.0000
152,0.0000,0.0000,0.0000,0.0000,0.0000,0.0000,0.0000,0.0000
153,0.0000,0.0000,0.0000,0.0000,0.0000,0.0000,0.0000,0.0000
154,0.0000,0.0000,0.0000,0.0000,0.0000,0.0000,0.0000,0.0000
155,0.0000,0.0000,0.0000,0.0000,0.0000,0.0000,0.0000,0.0000
156,0.0000,0.0000,0.0000,0.0000,0.0000,0.0000,0.0000,0.0000
157,0.0000,0.0000,0.0000,0.0000,0.0000,0.0000,0.0000,0.0000
158,0.0000,0.0000,0.0000,0.0000,0.0000,0.0000,0.0000,0.0000
159,0.0000,0.0000,0.0000,0.0000,0.0000,0.0000,0.0000,0.0000
160,0.0000,0.0000,0.0000,0.0000,0.0000,0.0000,0.0000,0.0000
161,0.0000,0.0000,0.0000,0.0000,0.0000,0.0000,0.0000,0.0000
162,0.0000,0.0000,0.0000,0.0000,0.0000,0.0000,0.0000,0.0000
163,0.0000,0.0000,0.0000,0.0000,0.0000,0.0000,0.0000,0.0000
164,0.0000,0.0000,0.0000,0.0000,0.0000,0.0000,0.0000,0.0000
165,0.0000,0.0000,0.0000,0.0000,0.0000,0.0000,0.0000,0.0000
166,0.0000,0.0000,0.0000,0.0000,0.0000,0.0000,0.0000,0.0000
167,0.0000,0.0000,0.0000,0.0000,0.0000,0.0000,0.0000,0.0000
168,0.0000,0.0000,0.0000,0.0000,0.0000,0.0000,0.0000,0.0000
169,0.0000,0.0000,0.0000,0.0000,0.0000,0.0000,0.0000,0.0000
170,0.0000,0.0000,0.0000,0.0000,0.0000,0.0000,0.0000,0.0000
171,0.0000,0.0000,0.0000,0.0000,0.0000,0.0000,0.0000,0.0000
172,0.0000,0.0000,0.0000,0.0000,0.0000,0.0000,0.0000,0.0000
173,0.0000,0.0000,0.0000,0.0000,0.0000,0.0000,0.0000,0.0000
174,0.0000,0.0000,0.0000,0.0000,0.0000,0.0000,0.0000,0.0000
175,0.0000,0.0000,0.0000,0.0000,0.0000,0.0000,0.0000,0.0000
176,0.0000,0.0000,0.0000,0.0000,0.0000,0.0000,0.0000,0.0000
177,0.0000,0.0000,0.0000,0.0000,0.0000,0.0000,0.0000,0.0000
178,0.0000,0.0000,0.0000,0.0000,0.0000,0.0000,0.0000,0.0000
179,0.0000,0.0000,0.0000,0.0000,0.0000,0.0000,0.0000,0.0000
180,0.0000,0.0000,0.0000,0.0000,0.0000,0.0000,0.0000,0.0000
181,0.0000,0.0000,0.0000,0.0000,0.0000,0.0000,0.0000,0.0000
182,0.0000,0.0000,0.0000,0.0000,0.0000,0.0000,0.0000,0.0000
183,0.0000,0.0000,0.0000,0.0000,0.0000,0.0000,0.0000,0.0000
184,0.0000,0.0000,0.0000,0.0000,0.0000,0.0000,0.0000,0.0000
185,0.0000,0.0000,0.0000,0.0000,0.0000,0.0000,0.0000,0.0000
186,0.0000,0.0000,0.0000,0.0000,0.0000,0.0000,0.0000,0.0000
187,0.0000,0.0000,0.0000,0.0000,0.0000,0.0000,0.0000,0.0000
188,0.0000,0.0000,0.0000,0.0000,0.0000,0.0000,0.0000,0.0000
189,0.0000,0.0000,0.0000,0.0000,0.0000,0.0000,0.0000,0.0000
190,0.0000,0.0000,0.0000,0.0000,0.0000,0.0000,0.0000,0.0000
191,0.0000,0.0000,0.0000,0.0000,0.0000,0.0000,0.0000,0.0000
192,0.0000,0.0000,0.0000,0.0000,0.0000,0.0000,0.0000,0.0000
193,0.0000,0.0000,0.0000,0.0000,0.0000,0.0000,0.0000,0.0000
194,0.0000,0.0000,0.0000,0.0000,0.0000,0.0000,0.0000,0.0000
195,0.0000,0.0000,0.0000,0.0000,0.0000,0.0000,0.0000,0.0000
196,0.0000,0.0000,0.0000,0.0000,0.0000,0.0000,0.0000,0.0000
197,0.0000,0.0000,0.0000,0.0000,0.0000,0.0000,0.0000,0.0000
198,0.0000,0.0000,0.0000,0.0000,0.0000,0.0000,0.0000,0.0000
199,0.0000,0.0000,0.0000,0.0000,0.0000,0.0000,0.0000,0.0000
200,0.0000,0.0000,0.0000,0.0000,0.0000,0.0000,0.0000,0.0000
201,0.0000,0.0000,0.0000,0.0000,0.0000,0.0000,0.0000,0.0000
202,0.0000,0.0000,0.0000,0.0000,0.0000,0.0000,0.0000,0.0000
203,0.0000,0.0000,0.0000,0.0000,0.0000,0.0000,0.0000,0.0000
204,0.0000,0.0000,0.0000,0.0000,0.0000,0.0000,0.0000,0.0000
205,0.0000,0.0000,0.0000,0.0000,0.0000,0.0000,0.0000,0.0000
206,0.0000,0.0000,0.0000,0.0000,0.0000,0.0000,0.0000,0.0000
207,0.0000,0.0000,0.0000,0.0000,0.0000,0.0000,0.0000,0.0000
208,0.0000,0.0000,0.0000,0.0000,0.0000,0.0000,0.0000,0.0000
209,0.0000,0.0000,0.0000,0.0000,0.0000,0.0000,0.0000,0.0000
210,0.0000,0.0000,0.0000,0.0000,0.0000,0.0000,0.0000,0.0000
211,0.0000,0.0000,0.0000,0.0000,0.0000,0.0000,0.0000,0.0000
212,0.0000,0.0000,0.0000,0.0000,0.0000,0.0000,0.0000,0.0000
213,0.0000,0.0000,0.0000,0.0000,0.0000,0.0000,0.0000,0.0000
214,0.0000,0.0000,0.0000,0.0000,0.0000,0.0000,0.0000,0.0000
215,0.0000,0.0000,0.0000,0.0000,0.0000,0.0000,0.0000,0.0000
216,0.0000,0.0000,0.0000,0.0000,0.0000,0.0000,0.0000,0.0000
217,0.0000,0.0000,0.0000,0.0000,0.0000,0.0000,0.0000,0.0000
218,0.0000,0.0000,0.0000,0.0000,0.0000,0.0000,0.0000,0.0000
219,0.0000,0.0000,0.0000,0.0000,0.0000,0.0000,0.0000,0.0000
220,0.0000,0.0000,0.0000,0.0000,0.0000,0.0000,0.0000,0.0000
221,0.0000,0.0000,0.0000,0.0000,0.0000,0.0000,0.0000,0.0000
222,0.0000,0.0000,0.0000,0.0000,0.0000,0.0000,0.0000,0.0000
223,0.0000,0.0000,0.0000,0.0000,0.0000,0.0000,0.0000,0.0000
224,0.0000,0.0000,0.0000,0.0000,0.0000,0.0000,0.0000,0.0000
225,0.0000,0.0000,0.0000,0.0000,0.0000,0.0000,0.0000,0.0000
226,0.0000,0.0000,0.0000,0.0000,0.0000,0.0000,0.0000,0.0000
227,0.0000,0.0000,0.0000,0.0000,0.0000,0.0000,0.0000,0.0000
228,0.0000,0.0000,0.0000,0.0000,0.0000,0.0000,0.0000,0.0000
229,0.0000,0.0000,0.0000,0.0000,0.0000,0.0000,0.0000,0.0000
230,0.0000,0.0000,0.0000,0.0000,0.0000,0.0000,0.0000,0.0000
231,0.0000,0.0000,0.0000,0.0000,0.0000,0.0000,0.0000,0.0000
232,0.0000,0.0000,0.0000,0.0000,0.0000,0.0000,0.0000,0.0000
233,0.0000,0.0000,0.0000,0.0000,0.0000,0.0000,0.0000,0.0000
234,0.0000,0.0000,0.0000,0.0000,0.0000,0.0000,0.0000,0.0000
235,0.0000,0.0000,0.0000,0.0000,0.0000,0.0000,0.0000,0.0000
236,0.0000,0.0000,0.0000,0.0000,0.0000,0.0000,0.0000,0.0000
237,0.0000,0.0000,0.0000,0.0000,0.0000,0.0000,0.0000,0.0000
238,0.0000,0.0000,0.0000,0.0000,0.0000,0.0000,0.0000,0.0000
239,0.0000,0.0000,0.0000,0.0000,0.0000,0.0000,0.0000,0.0000
240,0.0000,0.0000,0.0000,0.0000,0.0000,0.0000,0.0000,0.0000
241,0.0000,0.0000,0.0000,0.0000,0.0000,0.0000,0.0000,0.0000
242,0.0000,0.0000,0.0000,0.0000,0.0000,0.0000,0.0000,0.0000
243,0.0000,0.0000,0.0000,0.0000,0.0000,0.0000,0.0000,0.0000
244,0.0000,0.0000,0.0000,0.0000,0.0000,0.0000,0.0000,0.0000
245,0.0000,0.0000,0.0000,0.0000,0.0000,0.0000,0.0000,0.0000
246,0.0000,0.0000,0.0000,0.0000,0.0000,0.0000,0.0000,0.0000
247,0.0000,0.0000,0.0000,0.0000,0.0000,0.0000,0.0000,0.0000
248,0.0000,0.0000,0.0000,0.0000,0.0000,0.0000,0.0000,0.0000
249,0.0000,0.0000,0.0000,0.0000,0.0000,0.0000,0.0000,0.0000
250,0.0000,0.0000,0.0000,0.0000,0.0000,0.0000,0.0000,0.0000
251,0.0000,0.0000,0.0000,0.0000,0.0000,0.0000,0.0000,0.0000
252,0.0000,0.0000,0.0000,0.0000,0.0000,0.0000,0.0000,0.0000
253,0.0000,0.0000,0.0000,0.0000,0.0000,0.0000,0.0000,0.0000
254,0.0000,0.0000,0.0000,0.0000,0.0000,0.0000,0.0000,0.0000
255,0.0000,0.0000,0.0000,0.0000,0.0000,0.0000,0.0000,0.0000
256,0.0000,0.0000,0.0000,0.0000,0.0000,0.0000,0.0000,0.0000
257,0.0000,0.0000,0.0000,0.0000,0.0000,0.0000,0.0000,0.0000
258,0.0000,0.0000,0.0000,0.0000,0.0000,0.0000,0.0000,0.0000
259,0.0000,0.0000,0.0000,0.0000,0.0000,0.0000,0.0000,0.0000
260,0.0000,0.0000,0.0000,0.0000,0.0000,0.0000,0.0000,0.0000
261,0.0000,0.0000,0.0000,0.0000,0.0000,0.0000,0.0000,0.0000
262,0.0000,0.0000,0.0000,0.0000,0.0000,0.0000,0.0000,0.0000
263,0.0000,0.0000,0.0000,0.0000,0.0000,0.0000,0.0000,0.0000
264,0.0000,0.0000,0.0000,0.0000,0.0000,0.0000,0.0000,0.0000
265,0.0000,0.0000,0.0000,0.0000,0.0000,0.0000,0.0000,0.0000
266,0.0000,0.0000,0.0000,0.0000,0.0000,0.0000,0.0000,0.0000
267,0.0000,0.0000,0.0000,0.0000,0.0000,0.0000,0.0000,0.0000
268,0.0000,0.0000,0.0000,0.0000,0.0000,0.0000,0.0000,0.0000
269,0.0000,0.0000,0.0000,0.0000,0.0000,0.0000,0.0000,0.0000
270,0.0000,0.0000,0.0000,0.0000,0.0000,0.0000,0.0000,0.0000
271,0.0000,0.0000,0.0000,0.0000,0.0000,0.0000,0.0000,0.0000
272,0.0000,0.0000,0.0000,0.0000,0.0000,0.0000,0.0000,0.0000
273,0.0000,0.0000,0.0000,0.0000,0.0000,0.0000,0.0000,0.0000
274,0.0000,0.0000,0.0000,0.0000,0.0000,0.0000,0.0000,0.0000
275,0.0000,0.0000,0.0000,0.0000,0.0000,0.0000,0.0000,0.0000
276,0.0000,0.0000,0.0000,0.0000,0.0000,0.0000,0.0000,0.0000
277,0.0000,0.0000,0.0000,0.0000,0.0000,0.0000,0.0000,0.0000
278,0.0000,0.0000,0.0000,0.0000,0.0000,0.0000,0.0000,0.0000
279,0.0000,0.0000,0.0000,0.0000,0.0000,0.0000,0.0000,0.0000
280,0.0000,0.0000,0.0000,0.0000,0.0000,0.0000,0.0000,0.0000
281,0.0000,0.0000,0.0000,0.0000,0.0000,0.0000,0.0000,0.0000
282,0.0000,0.0000,0.0000,0.0000,0.0000,0.0000,0.0000,0.0000
283,0.0000,0.0000,0.0000,0.0000,0.0000,0.0000,0.0000,0.0000
284,0.0000,0.0000,0.0000,0.0000,0.0000,0.0000,0.0000,0.0000
285,0.0000,0.0000,0.0000,0.0000,0.0000,0.0000,0.0000,0.0000
286,0.0000,0.0000,0.0000,0.0000,0.0000,0.0000,0.0000,0.0000
287,0.0000,0.0000,0.0000,0.0000,0.0000,0.0000,0.0000,0.0000
288,0.0000,0.0000,0.0000,0.0000,0.0000,0.0000,0.0000,0.0000
289,0.0000,0.0000,0.0000,0.0000,0.0000,0.0000,0.0000,0.0000
290,0.0000,0.0000,0.0000,0.0000,0.0000,0.0000,0.0000,0.0000
291,0.0000,0.0000,0.0000,0.0000,0.0000,0.0000,0.0000,0.0000
292,0.0000,0.0000,0.0000,0.0000,0.0000,0.0000,0.0000,0.0000
293,0.0000,0.0000,0.0000,0.0000,0.0000,0.0000,0.0000,0.0000
294,0.0000,0.0000,0.0000,0.0000,0.0000,0.0000,0.0000,0.0000
295,0.0000,0.0000,0.0000,0.0000,0.0000,0.0000,0.0000,0.0000
296,0.0000,0.0000,0.0000,0.0000,0.0000,0.0000,0.0000,0.0000
297,0.0000,0.0000,0.0000,0.0000,0.0000,0.0000,0.0000,0.0000
298,0.0000,0.0000,0.0000,0.0000,0.0000,0.0000,0.0000,0.0000
299,0.0000,0.0000,0.0000,0.0000,0.0000,0.0000,0.0000,0.0000
300,0.0000,0.0000,0.0000,0.0000,0.0000,0.0000,0.0000,0.0000
301,0.0000,0.0000,0.0000,0.0000,0.0000,0.0000,0.0000,0.0000
302,0.0000,0.0000,0.0000,0.0000,0.0000,0.0000,0.0000,0.0000
303,0.0000,0.0000,0.0000,0.0000,0.0000,0.0000,0.0000,0.0000
304,0.0000,0.0000,0.0000,0.0000,0.0000,0.0000,0.0000,0.0000
305,0.0000,0.0000,0.0000,0.0000,0.0000,0.0000,0.0000,0.0000
306,0.0000,0.0000,0.0000,0.0000,0.0000,0.0000,0.0000,0.0000
307,0.0000,0.0000,0.0000,0.0000,0.0000,0.0000,0.0000,0.0000
308,0.0000,0.0000,0.0000,0.0000,0.0000,0.0000,0.0000,0.0000
309,0.0000,0.0000,0.0000,0.0000,0.0000,0.0000,0.0000,0.0000
310,0.0000,0.0000,0.0000,0.0000,0.0000,0.0000,0.0000,0.0000
311,0.0000,0.0000,0.0000,0.0000,0.0000,0.0000,0.0000,0.0000
312,0.0000,0.0000,0.0000,0.0000,0.0000,0.0000,0.0000,0.0000
313,0.0000,0.0000,0.0000,0.0000,0.0000,0.0000,0.0000,0.0000
314,0.0000,0.0000,0.0000,0.0000,0.0000,0.0000,0.0000,0.0000
315,0.0000,0.0000,0.0000,0.0000,0.0000,0.0000,0.0000,0.0000
316,0.0000,0.0000,0.0000,0.0000,0.0000,0.0000,0.0000,0.0000
317,0.0000,0.0000,0.0000,0.0000,0.0000,0.0000,0.0000,0.0000
318,0.0000,0.0000,0.0000,0.0000,0.0000,0.0000,0.0000,0.0000
319,0.0000,0.0000,0.0000,0.0000,0.0000,0.0000,0.0000,0.0000
320,0.0000,0.0000,0.0000,0.0000,0.0000,0.0000,0.0000,0.0000
321,0.0000,0.0000,0.0000,0.0000,0.0000,0.0000,0.0000,0.0000
322,0.0000,0.0000,0.0000,0.0000,0.0000,0.0000,0.0000,0.0000
323,0.0000,0.0000,0.0000,0.0000,0.0000,0.0000,0.0000,0.0000
324,0.0000,0.0000,0.0000,0.0000,0.0000,0.0000,0.0000,0.0000
325,0.0000,0.0000,0.0000,0.0000,0.0000,0.0000,0.0000,0.0000
326,0.0000,0.0000,0.0000,0.0000,0.0000,0.0000,0.0000,0.0000
327,0.0000,0.0000,0.0000,0.0000,0.0000,0.0000,0.0000,0.0000
328,0.0000,0.0000,0.0000,0.0000,0.0000,0.0000,0.0000,0.0000
329,0.0000,0.0000,0.0000,0.0000,0.0000,0.0000,0.0000,0.0000
330,0.0000,0.0000,0.0000,0.0000,0.0000,0.0000,0.0000,0.0000
331,0.0000,0.0000,0.0000,0.0000,0.0000,0.0000,0.0000,0.0000
332,0.0000,0.0000,0.0000,0.0000,0.0000,0.0000,0.0000,0.0000
333,0.0000,0.0000,0.0000,0.0000,0.0000,0.0000,0.0000,0.0000
334,0.0000,0.0000,0.0000,0.0000,0.0000,0.0000,0.0000,0.0000
335,0.0000,0.0000,0.0000,0.0000,0.0000,0.0000,0.0000,0.0000
336,0.0000,0.0000,0.0000,0.0000,0.0000,0.0000,0.0000,0.0000
337,0.0000,0.0000,0.0000,0.0000,0.0000,0.0000,0.0000,0.0000
338,0.0000,0.0000,0.0000,0.0000,0.0000,0.0000,0.0000,0.0000
339,0.0000,0.0000,0.0000,0.0000,0.0000,0.0000,0.0000,0.0000
340,0.0000,0.0000,0.0000,0.0000,0.0000,0.0000,0.0000,0.0000
341,0.0000,0.0000,0.0000,0.0000,0.0000,0.0000,0.0000,0.0000
342,0.0000,0.0000,0.0000,0.0000,0.0000,0.0000,0.0000,0.0000
343,0.0000,0.0000,0.0000,0.0000,0.0000,0.0000,0.0000,0.0000
344,0.0000,0.0000,0.0000,0.0000,0.0000,0.0000,0.0000,0.0000
345,0.0000,0.0000,0.0000,0.0000,0.0000,0.0000,0.0000,0.0000
346,0.0000,0.0000,0.0000,0.0000,0.0000,0.0000,0.0000,0.0000
347,0.0000,0.0000,0.0000,0.0000,0.0000,0.0000,0.0000,0.0000
348,0.0000,0.0000,0.0000,0.0000,0.0000,0.0000,0.0000,0.0000
349,0.0000,0.0000,0.0000,0.0000,0.0000,0.0000,0.0000,0.0000
350,0.0000,0.0000,0.0000,0.0000,0.0000,0.0000,0.0000,0.0000
351,0.0000,0.0000,0.0000,0.0000,0.0000,0.0000,0.0000,0.0000
352,0.0000,0.0000,0.0000,0.0000,0.0000,0.0000,0.0000,0.0000
353,0.0000,0.0000,0.0000,0.0000,0.0000,0.0000,0.0000,0.0000
354,0.0000,0.0000,0.0000,0.0000,0.0000,0.0000,0.0000,0.0000
355,0.0000,0.0000,0.0000,0.0000,0.0000,0.0000,0.0000,0.0000
356,0.0000,0.0000,0.0000,0.0000,0.0000,0.0000,0.0000,0.0000
357,0.0000,0.0000,0.0000,0.0000,0.0000,0.0000,0.0000,0.0000
358,0.0000,0.0000,0.0000,0.0000,0.0000,0.0000,0.0000,0.0000
359,0.0000,0.0000,0.0000,0.0000,0.0000,0.0000,0.0000,0.0000
360,0.0000,0.0000,0.0000,0.0000,0.0000,0.0000,0.0000,0.0000
361,0.0000,0.0000,0.0000,0.0000,0.0000,0.0000,0.0000,0.0000
362,0.0000,0.0000,0.0000,0.0000,0.0000,0.0000,0.0000,0.0000
363,0.0000,0.0000,0.0000,0.0000,0.0000,0.0000,0.0000,0.0000
364,0.0000,0.0000,0.0000,0.0000,0.0000,0.0000,0.0000,0.0000
365,0.0000,0.0000,0.0000,0.0000,0.0000,0.0000,0.0000,0.0000
366,0.0000,0.0000,0.0000,0.0000,0.0000,0.0000,0.0000,0.0000
367,0.0000,0.0000,0.0000,0.0000,0.0000,0.0000,0.0000,0.0000
368,0.0000,0.0000,0.0000,0.0000,0.0000,0.0000,0.0000,0.0000
369,0.0000,0.0000,0.0000,0.0000,0.0000,0.0000,0.0000,0.0000
370,0.0000,0.0000,0.0000,0.0000,0.0000,0.0000,0.0000,0.0000
371,0.0000,0.0000,0.0000,0.0000,0.0000,0.0000,0.0000,0.0000
372,0.0000,0.0000,0.0000,0.0000,0.0000,0.0000,0.0000,0.0000
373,0.0000,0.0000,0.0000,0.0000,0.0000,0.0000,0.0000,0.0000
374,0.0000,0.0000,0.0000,0.0000,0.0000,0.0000,0.0000,0.0000
375,0.0000,0.0000,0.0000,0.0000,0.0000,0.0000,0.0000,0.0000
376,0.0000,0.0000,0.0000,0.0000,0.0000,0.0000,0.0000,0.0000
377,0.0000,0.0000,0.0000,0.0000,0.0000,0.0000,0.0000,0.0000
378,0.0000,0.0000,0.0000,0.0000,0.0000,0.0000,0.0000,0.0000
379,0.0000,0.0000,0.0000,0.0000,0.0000,0.0000,0.0000,0.0000
380,0.0000,0.0000,0.0000,0.0000,0.0000,0.0000,0.0000,0.0000
381,0.0000,0.0000,0.0000,0.0000,0.0000,0.0000,0.0000,0.0000
382,0.0000,0.0000,0.0000,0.0000,0.0000,0.0000,0.0000,0.0000
383,0.0000,0.0000,0.0000,0.0000,0.0000,0.0000,0.0000,0.0000
384,0.0000,0.0000,0.0000,0.0000,0.0000,0.0000,0.0000,0.0000
385,0.0000,0.0000,0.0000,0.0000,0.0000,0.0000,0.0000,0.0000
386,0.0000,0.0000,0.0000,0.0000,0.0000,0.0000,0.0000,0.0000
387,0.0000,0.0000,0.0000,0.0000,0.0000,0.0000,0.0000,0.0000
388,0.0000,0.0000,0.0000,0.0000,0.0000,0.0000,0.0000,0.0000
389,0.0000,0.0000,0.0000,0.0000,0.0000,0.0000,0.0000,0.0000
390,0.0000,0.0000,0.0000,0.0000,0.0000,0.0000,0.0000,0.0000
391,0.0000,0.0000,0.0000,0.0000,0.0000,0.0000,0.0000,0.0000
392,0.0000,0.0000,0.0000,0.0000,0.0000,0.0000,0.0000,0.0000
393,0.0000,0.0000,0.0000,0.0000,0.0000,0.0000,0.0000,0.0000
394,0.0000,0.0000,0.0000,0.0000,0.0000,0.0000,0.0000,0.0000
395,0.0000,0.0000,0.0000,0.0000,0.0000,0.0000,0.0000,0.0000
396,0.0000,0.0000,0.0000,0.0000,0.0000,0.0000,0.0000,0.0000
397,0.0000,0.0000,0.0000,0.0000,0.0000,0.0000,0.0000,0.0000
398,0.0000,0.0000,0.0000,0.0000,0.0000,0.0000,0.0000,0.0000
399,0.0000,0.0000,0.0000,0.0000,0.0000,0.0000,0.0000,0.0000
400,0.0000,0.0000,0.0000,0.0000,0.0000,0.0000,0.0000,0.0000
401,0.0000,0.0000,0.0000,0.0000,0.0000,0.0000,0.0000,0.0000
402,0.0000,0.0000,0.0000,0.0000,0.0000,0.0000,0.0000,0.0000
403,0.0000,0.0000,0.0000,0.0000,0.0000,0.0000,0.0000,0.0000
404,0.0000,0.0000,0.0000,0.0000,0.0000,0.0000,0.0000,0.0000
405,0.0000,0.0000,0.0000,0.0000,0.0000,0.0000,0.0000,0.0000
406,0.0000,0.0000,0.0000,0.0000,0.0000,0.0000,0.0000,0.0000
407,0.0000,0.0000,0.0000,0.0000,0.0000,0.0000,0.0000,0.0000
408,0.0000,0.0000,0.0000,0.0000,0.0000,0.0000,0.0000,0.0000
409,0.0000,0.0000,0.0000,0.0000,0.0000,0.0000,0.0000,0.0000
410,0.0000,0.0000,0.0000,0.0000,0.0000,0.0000,0.0000,0.0000
411,0.0000,0.0000,0.0000,0.0000,0.0000,0.0000,0.0000,0.0000
412,0.0000,0.0000,0.0000,0.0000,0.0000,0.0000,0.0000,0.0000
413,0.0000,0.0000,0.0000,0.0000,0.0000,0.0000,0.0000,0.0000
414,0.0000,0.0000,0.0000,0.0000,0.0000,0.0000,0.0000,0.0000
415,0.0000,0.0000,0.0000,0.0000,0.0000,0.0000,0.0000,0.0000
416,0.0000,0.0000,0.0000,0.0000,0.0000,0.0000,0.0000,0.0000
417,0.0000,0.0000,0.0000,0.0000,0.0000,0.0000,0.0000,0.0000
418,0.0000,0.0000,0.0000,0.0000,0.0000,0.0000,0.0000,0.0000
419,0.0000,0.0000,0.0000,0.0000,0.0000,0.0000,0.0000,0.0000
420,0.0000,0.0000,0.0000,0.0000,0.0000,0.0000,0.0000,0.0000
421,0.0000,0.0000,0.0000,0.0000,0.0000,0.0000,0.0000,0.0000
422,0.0000,0.0000,0.0000,0.0000,0.0000,0.0000,0.0000,0.0000
423,0.0000,0.0000,0.0000,0.0000,0.0000,0.0000,0.0000,0.0000
424,0.0000,0.0000,0.0000,0.0000,0.0000,0.0000,0.0000,0.0000
425,0.0000,0.0000,0.0000,0.0000,0.0000,0.0000,0.0000,0.0000
426,0.0000,0.0000,0.0000,0.0000,0.0000,0.0000,0.0000,0.0000
427,0.0000,0.0000,0.0000,0.0000,0.0000,0.0000,0.0000,0.0000
428,0.0000,0.0000,0.0000,0.0000,0.0000,0.0000,0.0000,0.0000
429,0.0000,0.0000,0.0000,0.0000,0.0000,0.0000,0.0000,0.0000
430,0.0000,0.0000,0.0000,0.0000,0.0000,0.0000,0.0000,0.0000
431,0.0000,0.0000,0.0000,0.0000,0.0000,0.0000,0.0000,0.0000
432,0.0000,0.0000,0.0000,0.0000,0.0000,0.0000,0.0000,0.0000
433,0.0000,0.0000,0.0000,0.0000,0.0000,0.0000,0.0000,0.0000
434,0.0000,0.0000,0.0000,0.0000,0.0000,0.0000,0.0000,0.0000
435,0.0000,0.0000,0.0000,0.0000,0.0000,0.0000,0.0000,0.0000
436,0.0000,0.0000,0.0000,0.0000,0.0000,0.0000,0.0000,0.0000
437,0.0000,0.0000,0.0000,0.0000,0.0000,0.0000,0.0000,0.0000
438,0.0000,0.0000,0.0000,0.0000,0.0000,0.0000,0.0000,0.0000
439,0.0000,0.0000,0.0000,0.0000,0.0000,0.0000,0.0000,0.0000
440,0.0000,0.0000,0.0000,0.0000,0.0000,0.0000,0.0000,0.0000
441,0.0000,0.0000,0.0000,0.0000,0.0000,0.0000,0.0000,0.0000
442,0.0000,0.0000,0.0000,0.0000,0.0000,0.0000,0.0000,0.0000
443,0.0000,0.0000,0.0000,0.0000,0.0000,0.0000,0.0000,0.0000
444,0.0000,0.0000,0.0000,0.0000,0.0000,0.0000,0.0000,0.0000
445,0.0000,0.0000,0.0000,0.0000,0.0000,0.0000,0.0000,0.0000
446,0.0000,0.0000,0.0000,0.0000,0.0000,0.0000,0.0000,0.0000
447,0.0000,0.0000,0.0000,0.0000,0.0000,0.0000,0.0000,0.0000
448,0.0000,0.0000,0.0000,0.0000,0.0000,0.0000,0.0000,0.0000
449,0.0000,0.0000,0.0000,0.0000,0.0000,0.0000,0.0000,0.0000
450,0.0000,-1.3429,0.0000,-1.2889,0.0000,-1.1000,0.0000,-1.1000
451,0.0000,0.0000,0.0000,0.0000,0.0000,0.0000,0.0000,0.0000
452,0.0000,0.0000,0.0000,0.0000,0.0000,0.0000,0.0000,0.0000
453,0.0000,0.0000,0.0000,0.0000,0.0000,0.0000,0.0000,0.0000
454,0.0000,-1.5641,0.0000,-1.1538,0.0000,-1.1942,-1.0000,0.0000
455,0.0000,0.0000,0.0000,0.0000,0.0000,0.0000,0.0000,0.0000
456,0.0000,0.0000,0.0000,0.0000,0.0000,0.0000,0.0000,0.0000
457,0.0000,0.0000,0.0000,0.0000,0.0000,0.0000,0.0000,0.0000
458,0.0000,-1.5451,0.0000,-1.5787,-1.0000,0.0000,0.0000,-1.1700
459,0.0000,0.0000,0.0000,0.0000,0.0000,0.0000,0.0000,0.0000
460,0.0000,0.0000,0.0000,0.0000,0.0000,0.0000,0.0000,0.0000
461,0.0000,0.0000,0.0000,0.0000,0.0000,0.0000,0.0000,0.0000
462,0.0000,-1.1665,0.0000,-1.1665,-1.0780,0.0000,-1.0819,0.0000
463,0.0000,0.0000,0.0000,0.0000,0.0000,0.0000,0.0000,0.0000
464,0.0000,0.0000,0.0000,0.0000,0.0000,0.0000,0.0000,0.0000
465,0.0000,0.0000,0.0000,0.0000,0.0000,0.0000,0.0000,0.0000
466,0.0000,-1.0891,-0.8908,0.0000,0.0000,-1.1779,0.0000,-1.1310
467,0.0000,0.0000,0.0000,0.0000,0.0000,0.0000,0.0000,0.0000
468,0.0000,0.0000,0.0000,0.0000,0.0000,0.0000,0.0000,0.0000
469,0.0000,0.0000,0.0000,0.0000,0.0000,0.0000,0.0000,0.0000
470,0.0000,-1.1860,-0.7403,0.0000,0.0000,-1.1665,-1.0293,0.0000
471,0.0000,0.0000,0.0000,0.0000,0.0000,0.0000,0.0000,0.0000
472,0.0000,0.0000,0.0000,0.0000,0.0000,0.0000,0.0000,0.0000
473,0.0000,0.0000,0.0000,0.0000,0.0000,0.0000,0.0000,0.0000
474,0.0000,-1.6000,-1.1351,0.0000,-1.6000,0.0000,0.0000,-1.6000
475,0.0000,0.0000,0.0000,0.0000,0.0000,0.0000,0.0000,0.0000
476,0.0000,0.0000,0.0000,0.0000,0.0000,0.0000,0.0000,0.0000
477,0.0000,0.0000,0.0000,0.0000,0.0000,0.0000,0.0000,0.0000
478,0.0000,-1.0308,-0.9255,0.0000,-0.9801,0.0000,-0.9113,0.0000
479,0.0000,0.0000,0.0000,0.0000,0.0000,0.0000,0.0000,0.0000
480,0.0000,0.0000,0.0000,0.0000,0.0000,0.0000,0.0000,0.0000
481,0.0000,0.0000,0.0000,0.0000,0.0000,0.0000,0.0000,0.0000
482,-1.0834,0.0000,0.0000,-1.5950,0.0000,-1.5100,0.0000,-1.5100
483,0.0000,0.0000,0.0000,0.0000,0.0000,0.0000,0.0000,0.0000
484,0.0000,0.0000,0.0000,0.0000,0.0000,0.0000,0.0000,0.0000
485,0.0000,0.0000,0.0000,0.0000,0.0000,0.0000,0.0000,0.0000
486,-1.0395,0.0000,0.0000,-1.0956,0.0000,-1.0414,-1.0764,0.0000
487,0.0000,0.0000,0.0000,0.0000,0.0000,0.0000,0.0000,0.0000
488,0.0000,0.0000,0.0000,0.0000,0.0000,0.0000,0.0000,0.0000
489,0.0000,0.0000,0.0000,0.0000,0.0000,0.0000,0.0000,0.0000
490,-1.0482,0.0000,0.0000,-1.0956,-1.0764,0.0000,0.0000,-1.1665
491,0.0000,0.0000,0.0000,0.0000,0.0000,0.0000,0.0000,0.0000
492,0.0000,0.0000,0.0000,0.0000,0.0000,0.0000,0.0000,0.0000
493,0.0000,0.0000,0.0000,0.0000,0.0000,0.0000,0.0000,0.0000
494,-0.9255,0.0000,0.0000,-1.0308,-0.9113,0.0000,-0.9113,0.0000
495,0.0000,0.0000,0.0000,0.0000,0.0000,0.0000,0.0000,0.0000
496,0.0000,0.0000,0.0000,0.0000,0.0000,0.0000,0.0000,0.0000
497,0.0000,0.0000,0.0000,0.0000,0.0000,0.0000,0.0000,0.0000
498,-1.1568,0.0000,-1.1187,0.0000,0.0000,-1.2864,0.0000,-1.1960
499,0.0000,0.0000,0.0000,0.0000,0.0000,0.0000,0.0000,0.0000
500,0.0000,0.0000,0.0000,0.0000,0.0000,0.0000,0.0000,0.0000
501,0.0000,0.0000,0.0000,0.0000,0.0000,0.0000,0.0000,0.0000
502,-2.1000,0.0000,-2.0050,0.0000,0.0000,-2.1000,-1.7583,0.0000
503,0.0000,0.0000,0.0000,0.0000,0.0000,0.0000,0.0000,0.0000
504,0.0000,0.0000,0.0000,0.0000,0.0000,0.0000,0.0000,0.0000
505,0.0000,0.0000,0.0000,0.0000,0.0000,0.0000,0.0000,0.0000
506,-0.9113,0.0000,-0.9113,0.0000,-0.9371,0.0000,0.0000,-0.9009
507,0.0000,0.0000,0.0000,0.0000,0.0000,0.0000,0.0000,0.0000
508,0.0000,0.0000,0.0000,0.0000,0.0000,0.0000,0.0000,0.0000
509,0.0000,0.0000,0.0000,0.0000,0.0000,0.0000,0.0000,0.0000
510,-0.7966,0.0000,-0.6962,0.0000,-0.7222,0.0000,-0.7222,0.0000
511,0.0000,0.0000,0.0000,0.0000,0.0000,0.0000,0.0000,0.0000
512,0.0000,0.0000,0.0000,0.0000,0.0000,0.0000,0.0000,0.0000
513,0.0000,0.0000,0.0000,0.0000,0.0000,0.0000,0.0000,0.0000
514,0.0000,0.0000,0.0000,0.0000,0.0000,0.0000,0.0000,0.0000
515,0.0000,0.0000,0.0000,0.0000,0.0000,0.0000,0.0000,0.0000
516,0.0000,0.0000,0.0000,0.0000,0.0000,0.0000,0.0000,0.0000
517,0.0000,0.0000,0.0000,0.0000,0.0000,0.0000,0.0000,0.0000
518,0.0000,0.0000,0.0000,0.0000,0.0000,0.0000,0.0000,0.0000
519,0.0000,0.0000,0.0000,0.0000,0.0000,0.0000,0.0000,0.0000
520,0.0000,0.0000,0.0000,0.0000,0.0000,0.0000,0.0000,0.0000
521,0.0000,0.0000,0.0000,0.0000,0.0000,0.0000,0.0000,0.0000
522,0.0000,0.0000,0.0000,0.0000,0.0000,0.0000,0.0000,0.0000
523,0.0000,0.0000,0.0000,0.0000,0.0000,0.0000,0.0000,0.0000
524,0.0000,0.0000,0.0000,0.0000,0.0000,0.0000,0.0000,0.0000
525,0.0000,0.0000,0.0000,0.0000,0.0000,0.0000,0.0000,0.0000
526,0.0000,0.0000,0.0000,0.0000,0.0000,0.0000,0.0000,0.0000
527,0.0000,0.0000,0.0000,0.0000,0.0000,0.0000,0.0000,0.0000
528,0.0000,0.0000,0.0000,0.0000,0.0000,0.0000,0.0000,0.0000
529,0.0000,0.0000,0.0000,0.0000,0.0000,0.0000,0.0000,0.0000
530,0.0000,0.0000,0.0000,0.0000,0.0000,0.0000,0.0000,0.0000
531,0.0000,0.0000,0.0000,0.0000,0.0000,0.0000,0.0000,0.0000
532,0.0000,0.0000,0.0000,0.0000,0.0000,0.0000,0.0000,0.0000
533,0.0000,0.0000,0.0000,0.0000,0.0000,0.0000,0.0000,0.0000
534,0.0000,0.0000,0.0000,0.0000,0.0000,0.0000,0.0000,0.0000
535,0.0000,0.0000,0.0000,0.0000,0.0000,0.0000,0.0000,0.0000
536,0.0000,0.0000,0.0000,0.0000,0.0000,0.0000,0.0000,0.0000
537,0.0000,0.0000,0.0000,0.0000,0.0000,0.0000,0.0000,0.0000
538,0.0000,0.0000,0.0000,0.0000,0.0000,0.0000,0.0000,0.0000
539,0.0000,0.0000,0.0000,0.0000,0.0000,0.0000,0.0000,0.0000
540,0.0000,0.0000,0.0000,0.0000,0.0000,0.0000,0.0000,0.0000
541,0.0000,0.0000,0.0000,0.0000,0.0000,0.0000,0.0000,0.0000
542,0.0000,0.0000,0.0000,0.0000,0.0000,0.0000,0.0000,0.0000
543,0.0000,0.0000,0.0000,0.0000,0.0000,0.0000,0.0000,0.0000
544,0.0000,0.0000,0.0000,0.0000,0.0000,0.0000,0.0000,0.0000
545,0.0000,0.0000,0.0000,0.0000,0.0000,0.0000,0.0000,0.0000
546,0.0000,0.0000,0.0000,0.0000,0.0000,0.0000,0.0000,0.0000
547,0.0000,0.0000,0.0000,0.0000,0.0000,0.0000,0.0000,0.0000
548,0.0000,0.0000,0.0000,0.0000,0.0000,0.0000,0.0000,0.0000
549,0.0000,0.0000,0.0000,0.0000,0.0000,0.0000,0.0000,0.0000
550,0.0000,0.0000,0.0000,0.0000,0.0000,0.0000,0.0000,0.0000
551,0.0000,0.0000,0.0000,0.0000,0.0000,0.0000,0.0000,0.0000
552,0.0000,0.0000,0.0000,0.0000,0.0000,0.0000,0.0000,0.0000
553,0.0000,0.0000,0.0000,0.0000,0.0000,0.0000,0.0000,0.0000
554,0.0000,0.0000,0.0000,0.0000,0.0000,0.0000,0.0000,0.0000
555,0.0000,0.0000,0.0000,0.0000,0.0000,0.0000,0.0000,0.0000
556,0.0000,0.0000,0.0000,0.0000,0.0000,0.0000,0.0000,0.0000
557,0.0000,0.0000,0.0000,0.0000,0.0000,0.0000,0.0000,0.0000
558,0.0000,0.0000,0.0000,0.0000,0.0000,0.0000,0.0000,0.0000
559,0.0000,0.0000,0.0000,0.0000,0.0000,0.0000,0.0000,0.0000
560,0.0000,0.0000,0.0000,0.0000,0.0000,0.0000,0.0000,0.0000
561,0.0000,0.0000,0.0000,0.0000,0.0000,0.0000,0.0000,0.0000
562,0.0000,0.0000,0.0000,0.0000,0.0000,0.0000,0.0000,0.0000
563,0.0000,0.0000,0.0000,0.0000,0.0000,0.0000,0.0000,0.0000
564,0.0000,0.0000,0.0000,0.0000,0.0000,0.0000,0.0000,0.0000
565,0.0000,0.0000,0.0000,0.0000,0.0000,0.0000,0.0000,0.0000
566,0.0000,0.0000,0.0000,0.0000,0.0000,0.0000,0.0000,0.0000
567,0.0000,0.0000,0.0000,0.0000,0.0000,0.0000,0.0000,0.0000
568,0.0000,0.0000,0.0000,0.0000,0.0000,0.0000,0.0000,0.0000
569,0.0000,0.0000,0.0000,0.0000,0.0000,0.0000,0.0000,0.0000
570,0.0000,0.0000,0.0000,0.0000,0.0000,0.0000,0.0000,0.0000
571,0.0000,0.0000,0.0000,0.0000,0.0000,0.0000,0.0000,0.0000
572,0.0000,0.0000,0.0000,0.0000,0.0000,0.0000,0.0000,0.0000
573,0.0000,0.0000,0.0000,0.0000,0.0000,0.0000,0.0000,0.0000
574,0.0000,0.0000,0.0000,0.0000,0.0000,0.0000,0.0000,0.0000
575,0.0000,0.0000,0.0000,0.0000,0.0000,0.0000,0.0000,0.0000
576,0.0000,0.0000,0.0000,0.0000,0.0000,0.0000,0.0000,0.0000
577,0.0000,0.0000,0.0000,0.0000,0.0000,0.0000,0.0000,0.0000
578,0.0000,0.0000,0.0000,0.0000,0.0000,0.0000,0.0000,0.0000
579,0.0000,0.0000,0.0000,0.0000,0.0000,0.0000,0.0000,0.0000
580,0.0000,0.0000,0.0000,0.0000,0.0000,0.0000,0.0000,0.0000
581,0.0000,0.0000,0.0000,0.0000,0.0000,0.0000,0.0000,0.0000
582,0.0000,0.0000,0.0000,0.0000,0.0000,0.0000,0.0000,0.0000
583,0.0000,0.0000,0.0000,0.0000,0.0000,0.0000,0.0000,0.0000
584,0.0000,0.0000,0.0000,0.0000,0.0000,0.0000,0.0000,0.0000
585,0.0000,0.0000,0.0000,0.0000,0.0000,0.0000,0.0000,0.0000
586,0.0000,0.0000,0.0000,0.0000,0.0000,0.0000,0.0000,0.0000
587,0.0000,0.0000,0.0000,0.0000,0.0000,0.0000,0.0000,0.0000
588,0.0000,0.0000,0.0000,0.0000,0.0000,0.0000,0.0000,0.0000
589,0.0000,0.0000,0.0000,0.0000,0.0000,0.0000,0.0000,0.0000
590,0.0000,0.0000,0.0000,0.0000,0.0000,0.0000,0.0000,0.0000
591,0.0000,0.0000,0.0000,0.0000,0.0000,0.0000,0.0000,0.0000
592,0.0000,0.0000,0.0000,0.0000,0.0000,0.0000,0.0000,0.0000
593,0.0000,0.0000,0.0000,0.0000,0.0000,0.0000,0.0000,0.0000
594,0.0000,0.0000,0.0000,0.0000,0.0000,0.0000,0.0000,0.0000
595,0.0000,0.0000,0.0000,0.0000,0.0000,0.0000,0.0000,0.0000
596,0.0000,0.0000,0.0000,0.0000,0.0000,0.0000,0.0000,0.0000
597,0.0000,0.0000,0.0000,0.0000,0.0000,0.0000,0.0000,0.0000
598,0.0000,0.0000,0.0000,0.0000,0.0000,0.0000,0.0000,0.0000
599,0.0000,0.0000,0.0000,0.0000,0.0000,0.0000,0.0000,0.0000
600,0.0000,0.0000,0.0000,0.0000,0.0000,0.0000,0.0000,0.0000
601,0.0000,0.0000,0.0000,0.0000,0.0000,0.0000,0.0000,0.0000
602,0.0000,0.0000,0.0000,0.0000,0.0000,0.0000,0.0000,0.0000
603,0.0000,0.0000,0.0000,0.0000,0.0000,0.0000,0.0000,0.0000
604,0.0000,0.0000,0.0000,0.0000,0.0000,0.0000,0.0000,0.0000
605,0.0000,0.0000,0.0000,0.0000,0.0000,0.0000,0.0000,0.0000
606,0.0000,0.0000,0.0000,0.0000,0.0000,0.0000,0.0000,0.0000
607,0.0000,0.0000,0.0000,0.0000,0.0000,0.0000,0.0000,0.0000
608,0.0000,0.0000,0.0000,0.0000,0.0000,0.0000,0.0000,0.0000
609,0.0000,0.0000,0.0000,0.0000,0.0000,0.0000,0.0000,0.0000
610,0.0000,0.0000,0.0000,0.0000,0.0000,0.0000,0.0000,0.0000
611,0.0000,0.0000,0.0000,0.0000,0.0000,0.0000,0.0000,0.0000
612,0.0000,0.0000,0.0000,0.0000,0.0000,0.0000,0.0000,0.0000
613,0.0000,0.0000,0.0000,0.0000,0.0000,0.0000,0.0000,0.0000
614,0.0000,0.0000,0.0000,0.0000,0.0000,0.0000,0.0000,0.0000
615,0.0000,0.0000,0.0000,0.0000,0.0000,0.0000,0.0000,0.0000
616,0.0000,0.0000,0.0000,0.0000,0.0000,0.0000,0.0000,0.0000
617,0.0000,0.0000,0.0000,0.0000,0.0000,0.0000,0.0000,0.0000
618,0.0000,0.0000,0.0000,0.0000,0.0000,0.0000,0.0000,0.0000
619,0.0000,0.0000,0.0000,0.0000,0.0000,0.0000,0.0000,0.0000
620,0.0000,0.0000,0.0000,0.0000,0.0000,0.0000,0.0000,0.0000
621,0.0000,0.0000,0.0000,0.0000,0.0000,0.0000,0.0000,0.0000
622,0.0000,0.0000,0.0000,0.0000,0.0000,0.0000,0.0000,0.0000
623,0.0000,0.0000,0.0000,0.0000,0.0000,0.0000,0.0000,0.0000
624,0.0000,0.0000,0.0000,0.0000,0.0000,0.0000,0.0000,0.0000
625,0.0000,0.0000,0.0000,0.0000,0.0000,0.0000,0.0000,0.0000
626,0.0000,0.0000,0.0000,0.0000,0.0000,0.0000,0.0000,0.0000
627,0.0000,0.0000,0.0000,0.0000,0.0000,0.0000,0.0000,0.0000
628,0.0000,0.0000,0.0000,0.0000,0.0000,0.0000,0.0000,0.0000
629,0.0000,0.0000,0.0000,0.0000,0.0000,0.0000,0.0000,0.0000
630,0.0000,0.0000,0.0000,0.0000,0.0000,0.0000,0.0000,0.0000
631,0.0000,0.0000,0.0000,0.0000,0.0000,0.0000,0.0000,0.0000
632,0.0000,0.0000,0.0000,0.0000,0.0000,0.0000,0.0000,0.0000
633,0.0000,0.0000,0.0000,0.0000,0.0000,0.0000,0.0000,0.0000
634,0.0000,0.0000,0.0000,0.0000,0.0000,0.0000,0.0000,0.0000
635,0.0000,0.0000,0.0000,0.0000,0.0000,0.0000,0.0000,0.0000
636,0.0000,0.0000,0.0000,0.0000,0.0000,0.0000,0.0000,0.0000
637,0.0000,0.0000,0.0000,0.0000,0.0000,0.0000,0.0000,0.0000
638,0.0000,0.0000,0.0000,0.0000,0.0000,0.0000,0.0000,0.0000
639,0.0000,0.0000,0.0000,0.0000,0.0000,0.0000,0.0000,0.0000
640,0.0000,0.0000,0.0000,0.0000,0.0000,0.0000,0.0000,0.0000
641,0.0000,0.0000,0.0000,0.0000,0.0000,0.0000,0.0000,0.0000
642,0.0000,0.0000,0.0000,0.0000,0.0000,0.0000,0.0000,0.0000
643,0.0000,0.0000,0.0000,0.0000,0.0000,0.0000,0.0000,0.0000
644,0.0000,0.0000,0.0000,0.0000,0.0000,0.0000,0.0000,0.0000
645,0.0000,0.0000,0.0000,0.0000,0.0000,0.0000,0.0000,0.0000
646,0.0000,0.0000,0.0000,0.0000,0.0000,0.0000,0.0000,0.0000
647,0.0000,0.0000,0.0000,0.0000,0.0000,0.0000,0.0000,0.0000
648,0.0000,0.0000,0.0000,0.0000,0.0000,0.0000,0.0000,0.0000
649,0.0000,0.0000,0.0000,0.0000,0.0000,0.0000,0.0000,0.0000
650,0.0000,0.0000,0.0000,0.0000,0.0000,0.0000,0.0000,0.0000
651,0.0000,0.0000,0.0000,0.0000,0.0000,0.0000,0.0000,0.0000
652,0.0000,0.0000,0.0000,0.0000,0.0000,0.0000,0.0000,0.0000
653,0.0000,0.0000,0.0000,0.0000,0.0000,0.0000,0.0000,0.0000
654,0.0000,0.0000,0.0000,0.0000,0.0000,0.0000,0.0000,0.0000
655,0.0000,0.0000,0.0000,0.0000,0.0000,0.0000,0.0000,0.0000
656,0.0000,0.0000,0.0000,0.0000,0.0000,0.0000,0.0000,0.0000
657,0.0000,0.0000,0.0000,0.0000,0.0000,0.0000,0.0000,0.0000
658,0.0000,0.0000,0.0000,0.0000,0.0000,0.0000,0.0000,0.0000
659,0.0000,0.0000,0.0000,0.0000,0.0000,0.0000,0.0000,0.0000
660,0.0000,0.0000,0.0000,0.0000,0.0000,0.0000,0.0000,0.0000
661,0.0000,0.0000,0.0000,0.0000,0.0000,0.0000,0.0000,0.0000
662,0.0000,0.0000,0.0000,0.0000,0.0000,0.0000,0.0000,0.0000
663,0.0000,0.0000,0.0000,0.0000,0.0000,0.0000,0.0000,0.0000
664,0.0000,0.0000,0.0000,0.0000,0.0000,0.0000,0.0000,0.0000
665,0.0000,0.0000,0.0000,0.0000,0.0000,0.0000,0.0000,0.0000
666,0.0000,0.0000,0.0000,0.0000,0.0000,0.0000,0.0000,0.0000
667,0.0000,0.0000,0.0000,0.0000,0.0000,0.0000,0.0000,0.0000
668,0.0000,0.0000,0.0000,0.0000,0.0000,0.0000,0.0000,0.0000
669,0.0000,0.0000,0.0000,0.0000,0.0000,0.0000,0.0000,0.0000
670,0.0000,0.0000,0.0000,0.0000,0.0000,0.0000,0.0000,0.0000
671,0.0000,0.0000,0.0000,0.0000,0.0000,0.0000,0.0000,0.0000
672,0.0000,0.0000,0.0000,0.0000,0.0000,0.0000,0.0000,0.0000
673,0.0000,0.0000,0.0000,0.0000,0.0000,0.0000,0.0000,0.0000
674,0.0000,0.0000,0.0000,0.0000,0.0000,0.0000,0.0000,0.0000
675,0.0000,0.0000,0.0000,0.0000,0.0000,0.0000,0.0000,0.0000
676,0.0000,0.0000,0.0000,0.0000,0.0000,0.0000,0.0000,0.0000
677,0.0000,0.0000,0.0000,0.0000,0.0000,0.0000,0.0000,0.0000
678,0.0000,0.0000,0.0000,0.0000,0.0000,0.0000,0.0000,0.0000
679,0.0000,0.0000,0.0000,0.0000,0.0000,0.0000,0.0000,0.0000
680,0.0000,0.0000,0.0000,0.0000,0.0000,0.0000,0.0000,0.0000
681,0.0000,0.0000,0.0000,0.0000,0.0000,0.0000,0.0000,0.0000
682,0.0000,0.0000,0.0000,0.0000,0.0000,0.0000,0.0000,0.0000
683,0.0000,0.0000,0.0000,0.0000,0.0000,0.0000,0.0000,0.0000
684,0.0000,0.0000,0.0000,0.0000,0.0000,0.0000,0.0000,0.0000
685,0.0000,0.0000,0.0000,0.0000,0.0000,0.0000,0.0000,0.0000
686,0.0000,0.0000,0.0000,0.0000,0.0000,0.0000,0.0000,0.0000
687,0.0000,0.0000,0.0000,0.0000,0.0000,0.0000,0.0000,0.0000
688,0.0000,0.0000,0.0000,0.0000,0.0000,0.0000,0.0000,0.0000
689,0.0000,0.0000,0.0000,0.0000,0.0000,0.0000,0.0000,0.0000
690,0.0000,0.0000,0.0000,0.0000,0.0000,0.0000,0.0000,0.0000
691,0.0000,0.0000,0.0000,0.0000,0.0000,0.0000,0.0000,0.0000
692,0.0000,0.0000,0.0000,0.0000,0.0000,0.0000,0.0000,0.0000
693,0.0000,0.0000,0.0000,0.0000,0.0000,0.0000,0.0000,0.0000
694,0.0000,0.0000,0.0000,0.0000,0.0000,0.0000,0.0000,0.0000
695,0.0000,0.0000,0.0000,0.0000,0.0000,0.0000,0.0000,0.0000
696,0.0000,0.0000,0.0000,0.0000,0.0000,0.0000,0.0000,0.0000
697,0.0000,0.0000,0.0000,0.0000,0.0000,0.0000,0.0000,0.0000
698,0.0000,0.0000,0.0000,0.0000,0.0000,0.0000,0.0000,0.0000
699,0.0000,0.0000,0.0000,0.0000,0.0000,0.0000,0.0000,0.0000
700,0.0000,0.0000,0.0000,0.0000,0.0000,0.0000,0.0000,0.0000
701,0.0000,0.0000,0.0000,0.0000,0.0000,0.0000,0.0000,0.0000
702,0.0000,0.0000,0.0000,0.0000,0.0000,0.0000,0.0000,0.0000
703,0.0000,0.0000,0.0000,0.0000,0.0000,0.0000,0.0000,0.0000
704,0.0000,0.0000,0.0000,0.0000,0.0000,0.0000,0.0000,0.0000
705,0.0000,0.0000,0.0000,0.0000,0.0000,0.0000,0.0000,0.0000
706,0.0000,91.6234,0.0000,58.1427,0.0000,63.0624,0.0000,71.6185
707,0.0000,0.0000,0.0000,0.0000,0.0000,0.0000,0.0000,0.0000
708,0.0000,0.0000,0.0000,0.0000,0.0000,0.0000,0.0000,0.0000
709,0.0000,0.0000,0.0000,0.0000,0.0000,0.0000,0.0000,0.0000
710,0.0000,87.5785,0.0000,85.3221,0.0000,85.6949,90.8373,0.0000
711,0.0000,0.0000,0.0000,0.0000,0.0000,0.0000,0.0000,0.0000
712,0.0000,0.0000,0.0000,0.0000,0.0000,0.0000,0.0000,0.0000
713,0.0000,0.0000,0.0000,0.0000,0.0000,0.0000,0.0000,0.0000
714,0.0000,97.8693,0.0000,82.5170,88.0056,0.0000,0.0000,89.0494
715,0.0000,0.0000,0.0000,0.0000,0.0000,0.0000,0.0000,0.0000
716,0.0000,0.0000,0.0000,0.0000,0.0000,0.0000,0.0000,0.0000
717,0.0000,0.0000,0.0000,0.0000,0.0000,0.0000,0.0000,0.0000
718,0.0000,77.2796,0.0000,41.6883,67.4645,0.0000,98.0789,0.0000
719,0.0000,0.0000,0.0000,0.0000,0.0000,0.0000,0.0000,0.0000
720,0.0000,0.0000,0.0000,0.0000,0.0000,0.0000,0.0000,0.0000
721,0.0000,0.0000,0.0000,0.0000,0.0000,0.0000,0.0000,0.0000
722,0.0000,90.4158,56.7011,0.0000,0.0000,68.1848,0.0000,37.2444
723,0.0000,0.0000,0.0000,0.0000,0.0000,0.0000,0.0000,0.0000
724,0.0000,0.0000,0.0000,0.0000,0.0000,0.0000,0.0000,0.0000
725,0.0000,0.0000,0.0000,0.0000,0.0000,0.0000,0.0000,0.0000
726,0.0000,78.3091,66.3759,0.0000,0.0000,65.4618,70.3844,0.0000
727,0.0000,0.0000,0.0000,0.0000,0.0000,0.0000,0.0000,0.0000
728,0.0000,0.0000,0.0000,0.0000,0.0000,0.0000,0.0000,0.0000
729,0.0000,0.0000,0.0000,0.0000,0.0000,0.0000,0.0000,0.0000
730,0.0000,92.9278,64.9838,0.0000,73.2027,0.0000,0.0000,64.3457
731,0.0000,0.0000,0.0000,0.0000,0.0000,0.0000,0.0000,0.0000
732,0.0000,0.0000,0.0000,0.0000,0.0000,0.0000,0.0000,0.0000
733,0.0000,0.0000,0.0000,0.0000,0.0000,0.0000,0.0000,0.0000
734,0.0000,87.9156,51.0678,0.0000,49.5313,0.0000,58.2698,0.0000
735,0.0000,0.0000,0.0000,0.0000,0.0000,0.0000,0.0000,0.0000
736,0.0000,0.0000,0.0000,0.0000,0.0000,0.0000,0.0000,0.0000
737,0.0000,0.0000,0.0000,0.0000,0.0000,0.0000,0.0000,0.0000
738,91.9284,0.0000,0.0000,53.7111,0.0000,43.2169,0.0000,50.5127
739,0.0000,0.0000,0.0000,0.0000,0.0000,0.0000,0.0000,0.0000
740,0.0000,0.0000,0.0000,0.0000,0.0000,0.0000,0.0000,0.0000
741,0.0000,0.0000,0.0000,0.0000,0.0000,0.0000,0.0000,0.0000
742,91.4324,0.0000,0.0000,61.6197,0.0000,85.0162,57.6373,0.0000
743,0.0000,0.0000,0.0000,0.0000,0.0000,0.0000,0.0000,0.0000
744,0.0000,0.0000,0.0000,0.0000,0.0000,0.0000,0.0000,0.0000
745,0.0000,0.0000,0.0000,0.0000,0.0000,0.0000,0.0000,0.0000
746,98.0063,0.0000,0.0000,59.8691,72.5306,0.0000,0.0000,68.4945
747,0.0000,0.0000,0.0000,0.0000,0.0000,0.0000,0.0000,0.0000
748,0.0000,0.0000,0.0000,0.0000,0.0000,0.0000,0.0000,0.0000
749,0.0000,0.0000,0.0000,0.0000,0.0000,0.0000,0.0000,0.0000
750,97.7789,0.0000,0.0000,52.6031,53.3190,0.0000,57.9688,0.0000
751,0.0000,0.0000,0.0000,0.0000,0.0000,0.0000,0.0000,0.0000
752,0.0000,0.0000,0.0000,0.0000,0.0000,0.0000,0.0000,0.0000
753,0.0000,0.0000,0.0000,0.0000,0.0000,0.0000,0.0000,0.0000
754,90.6952,0.0000,70.2522,0.0000,0.0000,62.0772,0.0000,56.3599
755,0.0000,0.0000,0.0000,0.0000,0.0000,0.0000,0.0000,0.0000
756,0.0000,0.0000,0.0000,0.0000,0.0000,0.0000,0.0000,0.0000
757,0.0000,0.0000,0.0000,0.0000,0.0000,0.0000,0.0000,0.0000
758,79.0572,0.0000,23.8999,0.0000,0.0000,9.6410,20.3971,0.0000
759,0.0000,0.0000,0.0000,0.0000,0.0000,0.0000,0.0000,0.0000
760,0.0000,0.0000,0.0000,0.0000,0.0000,0.0000,0.0000,0.0000
761,0.0000,0.0000,0.0000,0.0000,0.0000,0.0000,0.0000,0.0000
762,55.3390,0.0000,95.4275,0.0000,42.5899,0.0000,0.0000,73.6647
763,0.0000,0.0000,0.0000,0.0000,0.0000,0.0000,0.0000,0.0000
764,0.0000,0.0000,0.0000,0.0000,0.0000,0.0000,0.0000,0.0000
765,0.0000,0.0000,0.0000,0.0000,0.0000,0.0000,0.0000,0.0000
766,88.2359,0.0000,54.9120,0.0000,51.4972,0.0000,51.1740,0.0000
767,0.0000,0.0000,0.0000,0.0000,0.0000,0.0000,0.0000,0.0000
768,0.0000,0.0000,0.0000,0.0000,0.0000,0.0000,0.0000,0.0000
769,0.0000,0.0000,0.0000,0.0000,0.0000,0.0000,0.0000,0.0000
770,0.0000,0.0000,0.0000,0.0000,0.0000,0.0000,0.0000,0.0000
771,0.0000,0.0000,0.0000,0.0000,0.0000,0.0000,0.0000,0.0000
772,0.0000,0.0000,0.0000,0.0000,0.0000,0.0000,0.0000,0.0000
773,0.0000,0.0000,0.0000,0.0000,0.0000,0.0000,0.0000,0.0000
774,0.0000,0.0000,0.0000,0.0000,0.0000,0.0000,0.0000,0.0000
775,0.0000,0.0000,0.0000,0.0000,0.0000,0.0000,0.0000,0.0000
776,0.0000,0.0000,0.0000,0.0000,0.0000,0.0000,0.0000,0.0000
777,0.0000,0.0000,0.0000,0.0000,0.0000,0.0000,0.0000,0.0000
778,0.0000,0.0000,0.0000,0.0000,0.0000,0.0000,0.0000,0.0000
779,0.0000,0.0000,0.0000,0.0000,0.0000,0.0000,0.0000,0.0000
780,0.0000,0.0000,0.0000,0.0000,0.0000,0.0000,0.0000,0.0000
781,0.0000,0.0000,0.0000,0.0000,0.0000,0.0000,0.0000,0.0000
782,0.0000,0.0000,0.0000,0.0000,0.0000,0.0000,0.0000,0.0000
783,0.0000,0.0000,0.0000,0.0000,0.0000,0.0000,0.0000,0.0000
784,0.0000,0.0000,0.0000,0.0000,0.0000,0.0000,0.0000,0.0000
785,0.0000,0.0000,0.0000,0.0000,0.0000,0.0000,0.0000,0.0000
786,0.0000,0.0000,0.0000,0.0000,0.0000,0.0000,0.0000,0.0000
787,0.0000,0.0000,0.0000,0.0000,0.0000,0.0000,0.0000,0.0000
788,0.0000,0.0000,0.0000,0.0000,0.0000,0.0000,0.0000,0.0000
789,0.0000,0.0000,0.0000,0.0000,0.0000,0.0000,0.0000,0.0000
790,0.0000,0.0000,0.0000,0.0000,0.0000,0.0000,0.0000,0.0000
791,0.0000,0.0000,0.0000,0.0000,0.0000,0.0000,0.0000,0.0000
792,0.0000,0.0000,0.0000,0.0000,0.0000,0.0000,0.0000,0.0000
793,0.0000,0.0000,0.0000,0.0000,0.0000,0.0000,0.0000,0.0000
794,0.0000,0.0000,0.0000,0.0000,0.0000,0.0000,0.0000,0.0000
795,0.0000,0.0000,0.0000,0.0000,0.0000,0.0000,0.0000,0.0000
796,0.0000,0.0000,0.0000,0.0000,0.0000,0.0000,0.0000,0.0000
797,0.0000,0.0000,0.0000,0.0000,0.0000,0.0000,0.0000,0.0000
798,0.0000,0.0000,0.0000,0.0000,0.0000,0.0000,0.0000,0.0000
799,0.0000,0.0000,0.0000,0.0000,0.0000,0.0000,0.0000,0.0000
800,0.0000,0.0000,0.0000,0.0000,0.0000,0.0000,0.0000,0.0000
801,0.0000,0.0000,0.0000,0.0000,0.0000,0.0000,0.0000,0.0000
802,0.0000,0.0000,0.0000,0.0000,0.0000,0.0000,0.0000,0.0000
803,0.0000,0.0000,0.0000,0.0000,0.0000,0.0000,0.0000,0.0000
804,0.0000,0.0000,0.0000,0.0000,0.0000,0.0000,0.0000,0.0000
805,0.0000,0.0000,0.0000,0.0000,0.0000,0.0000,0.0000,0.0000
806,0.0000,0.0000,0.0000,0.0000,0.0000,0.0000,0.0000,0.0000
807,0.0000,0.0000,0.0000,0.0000,0.0000,0.0000,0.0000,0.0000
808,0.0000,0.0000,0.0000,0.0000,0.0000,0.0000,0.0000,0.0000
809,0.0000,0.0000,0.0000,0.0000,0.0000,0.0000,0.0000,0.0000
810,0.0000,0.0000,0.0000,0.0000,0.0000,0.0000,0.0000,0.0000
811,0.0000,0.0000,0.0000,0.0000,0.0000,0.0000,0.0000,0.0000
812,0.0000,0.0000,0.0000,0.0000,0.0000,0.0000,0.0000,0.0000
813,0.0000,0.0000,0.0000,0.0000,0.0000,0.0000,0.0000,0.0000
814,0.0000,0.0000,0.0000,0.0000,0.0000,0.0000,0.0000,0.0000
815,0.0000,0.0000,0.0000,0.0000,0.0000,0.0000,0.0000,0.0000
816,0.0000,0.0000,0.0000,0.0000,0.0000,0.0000,0.0000,0.0000
817,0.0000,0.0000,0.0000,0.0000,0.0000,0.0000,0.0000,0.0000
818,0.0000,0.0000,0.0000,0.0000,0.0000,0.0000,0.0000,0.0000
819,0.0000,0.0000,0.0000,0.0000,0.0000,0.0000,0.0000,0.0000
820,0.0000,0.0000,0.0000,0.0000,0.0000,0.0000,0.0000,0.0000
821,0.0000,0.0000,0.0000,0.0000,0.0000,0.0000,0.0000,0.0000
822,0.0000,0.0000,0.0000,0.0000,0.0000,0.0000,0.0000,0.0000
823,0.0000,0.0000,0.0000,0.0000,0.0000,0.0000,0.0000,0.0000
824,0.0000,0.0000,0.0000,0.0000,0.0000,0.0000,0.0000,0.0000
825,0.0000,0.0000,0.0000,0.0000,0.0000,0.0000,0.0000,0.0000
826,0.0000,0.0000,0.0000,0.0000,0.0000,0.0000,0.0000,0.0000
827,0.0000,0.0000,0.0000,0.0000,0.0000,0.0000,0.0000,0.0000
828,0.0000,0.0000,0.0000,0.0000,0.0000,0.0000,0.0000,0.0000
829,0.0000,0.0000,0.0000,0.0000,0.0000,0.0000,0.0000,0.0000
830,0.0000,0.0000,0.0000,0.0000,0.0000,0.0000,0.0000,0.0000
831,0.0000,0.0000,0.0000,0.0000,0.0000,0.0000,0.0000,0.0000
832,0.0000,0.0000,0.0000,0.0000,0.0000,0.0000,0.0000,0.0000
833,0.0000,0.0000,0.0000,0.0000,0.0000,0.0000,0.0000,0.0000
834,0.0000,-1.1239,0.0000,-1.1612,0.0000,-1.0997,0.0000,-1.0997
835,0.0000,0.0000,0.0000,0.0000,0.0000,0.0000,0.0000,0.0000
836,0.0000,0.0000,0.0000,0.0000,0.0000,0.0000,0.0000,0.0000
837,0.0000,0.0000,0.0000,0.0000,0.0000,0.0000,0.0000,0.0000
838,0.0000,-1.5845,0.0000,-1.5898,0.0000,-1.1924,-1.0000,0.0000
839,0.0000,0.0000,0.0000,0.0000,0.0000,0.0000,0.0000,0.0000
840,0.0000,0.0000,0.0000,0.0000,0.0000,0.0000,0.0000,0.0000
841,0.0000,0.0000,0.0000,0.0000,0.0000,0.0000,0.0000,0.0000
842,0.0000,-1.5890,0.0000,-1.5926,-1.0000,0.0000,0.0000,-1.1920
843,0.0000,0.0000,0.0000,0.0000,0.0000,0.0000,0.0000,0.0000
844,0.0000,0.0000,0.0000,0.0000,0.0000,0.0000,0.0000,0.0000
845,0.0000,0.0000,0.0000,0.0000,0.0000,0.0000,0.0000,0.0000
846,0.0000,-1.2199,0.0000,-1.1665,-1.0951,0.0000,-1.0954,0.0000
847,0.0000,0.0000,0.0000,0.0000,0.0000,0.0000,0.0000,0.0000
848,0.0000,0.0000,0.0000,0.0000,0.0000,0.0000,0.0000,0.0000
849,0.0000,0.0000,0.0000,0.0000,0.0000,0.0000,0.0000,0.0000
850,0.0000,-1.3724,-0.9776,0.0000,0.0000,-1.1933,0.0000,-1.0421
851,0.0000,0.0000,0.0000,0.0000,0.0000,0.0000,0.0000,0.0000
852,0.0000,0.0000,0.0000,0.0000,0.0000,0.0000,0.0000,0.0000
853,0.0000,0.0000,0.0000,0.0000,0.0000,0.0000,0.0000,0.0000
854,0.0000,-1.2864,-1.0415,0.0000,0.0000,-1.1072,-1.0764,0.0000
855,0.0000,0.0000,0.0000,0.0000,0.0000,0.0000,0.0000,0.0000
856,0.0000,0.0000,0.0000,0.0000,0.0000,0.0000,0.0000,0.0000
857,0.0000,0.0000,0.0000,0.0000,0.0000,0.0000,0.0000,0.0000
858,0.0000,-1.1960,-1.0982,0.0000,-1.1187,0.0000,0.0000,-1.1665
859,0.0000,0.0000,0.0000,0.0000,0.0000,0.0000,0.0000,0.0000
860,0.0000,0.0000,0.0000,0.0000,0.0000,0.0000,0.0000,0.0000
861,0.0000,0.0000,0.0000,0.0000,0.0000,0.0000,0.0000,0.0000
862,0.0000,-1.0308,-0.9255,0.0000,-0.9801,0.0000,-0.9801,0.0000
863,0.0000,0.0000,0.0000,0.0000,0.0000,0.0000,0.0000,0.0000
864,0.0000,0.0000,0.0000,0.0000,0.0000,0.0000,0.0000,0.0000
865,0.0000,0.0000,0.0000,0.0000,0.0000,0.0000,0.0000,0.0000
866,-0.9994,0.0000,0.0000,-1.1391,0.0000,-1.0979,0.0000,-1.0979
867,0.0000,0.0000,0.0000,0.0000,0.0000,0.0000,0.0000,0.0000
868,0.0000,0.0000,0.0000,0.0000,0.0000,0.0000,0.0000,0.0000
869,0.0000,0.0000,0.0000,0.0000,0.0000,0.0000,0.0000,0.0000
870,-1.0893,0.0000,0.0000,-1.0956,0.0000,-1.1072,-1.1568,0.0000
871,0.0000,0.0000,0.0000,0.0000,0.0000,0.0000,0.0000,0.0000
872,0.0000,0.0000,0.0000,0.0000,0.0000,0.0000,0.0000,0.0000
873,0.0000,0.0000,0.0000,0.0000,0.0000,0.0000,0.0000,0.0000
874,-1.0937,0.0000,0.0000,-1.0956,-1.1568,0.0000,0.0000,-1.2199
875,0.0000,0.0000,0.0000,0.0000,0.0000,0.0000,0.0000,0.0000
876,0.0000,0.0000,0.0000,0.0000,0.0000,0.0000,0.0000,0.0000
877,0.0000,0.0000,0.0000,0.0000,0.0000,0.0000,0.0000,0.0000
878,-0.9776,0.0000,0.0000,-1.0308,-0.9801,0.0000,-0.9801,0.0000
879,0.0000,0.0000,0.0000,0.0000,0.0000,0.0000,0.0000,0.0000
880,0.0000,0.0000,0.0000,0.0000,0.0000,0.0000,0.0000,0.0000
881,0.0000,0.0000,0.0000,0.0000,0.0000,0.0000,0.0000,0.0000
882,-1.6029,0.0000,-2.0000,0.0000,0.0000,-2.0081,0.0000,-2.0000
883,0.0000,0.0000,0.0000,0.0000,0.0000,0.0000,0.0000,0.0000
884,0.0000,0.0000,0.0000,0.0000,0.0000,0.0000,0.0000,0.0000
885,0.0000,0.0000,0.0000,0.0000,0.0000,0.0000,0.0000,0.0000
886,-0.8347,0.0000,-0.8347,0.0000,0.0000,-0.9009,-0.8190,0.0000
887,0.0000,0.0000,0.0000,0.0000,0.0000,0.0000,0.0000,0.0000
888,0.0000,0.0000,0.0000,0.0000,0.0000,0.0000,0.0000,0.0000
889,0.0000,0.0000,0.0000,0.0000,0.0000,0.0000,0.0000,0.0000
890,-0.9801,0.0000,-0.9113,0.0000,-0.9371,0.0000,0.0000,-0.9009
891,0.0000,0.0000,0.0000,0.0000,0.0000,0.0000,0.0000,0.0000
892,0.0000,0.0000,0.0000,0.0000,0.0000,0.0000,0.0000,0.0000
893,0.0000,0.0000,0.0000,0.0000,0.0000,0.0000,0.0000,0.0000
894,-0.7966,0.0000,-0.7966,0.0000,-0.8600,0.0000,-0.8600,0.0000
895,0.0000,0.0000,0.0000,0.0000,0.0000,0.0000,0.0000,0.0000
896,0.0000,0.0000,0.0000,0.0000,0.0000,0.0000,0.0000,0.0000
897,0.0000,0.0000,0.0000,0.0000,0.0000,0.0000,0.0000,0.0000
898,0.0000,-1.3779,0.0000,-1.4043,0.0000,-1.1000,0.0000,-1.1000
899,0.0000,0.0000,0.0000,0.0000,0.0000,0.0000,0.0000,0.0000
900,0.0000,0.0000,0.0000,0.0000,0.0000,0.0000,0.0000,0.0000
901,0.0000,0.0000,0.0000,0.0000,0.0000,0.0000,0.0000,0.0000
902,0.0000,-1.5885,0.0000,-1.5834,0.0000,-1.1979,8.3461,0.0000
903,0.0000,0.0000,0.0000,0.0000,0.0000,0.0000,0.0000,0.0000
904,0.0000,0.0000,0.0000,0.0000,0.0000,0.0000,0.0000,0.0000
905,0.0000,0.0000,0.0000,0.0000,0.0000,0.0000,0.0000,0.0000
906,0.0000,-1.4714,0.0000,-1.5073,-1.0000,0.0000,0.0000,-1.1707
907,0.0000,0.0000,0.0000,0.0000,0.0000,0.0000,0.0000,0.0000
908,0.0000,0.0000,0.0000,0.0000,0.0000,0.0000,0.0000,0.0000
909,0.0000,0.0000,0.0000,0.0000,0.0000,0.0000,0.0000,0.0000
910,0.0000,-1.4882,0.0000,-1.5063,-1.0997,0.0000,-1.1495,0.0000
911,0.0000,0.0000,0.0000,0.0000,0.0000,0.0000,0.0000,0.0000
912,0.0000,0.0000,0.0000,0.0000,0.0000,0.0000,0.0000,0.0000
913,0.0000,0.0000,0.0000,0.0000,0.0000,0.0000,0.0000,0.0000
914,0.0000,-1.8588,-0.8369,0.0000,0.0000,-1.5718,0.0000,-1.5771
915,0.0000,0.0000,0.0000,0.0000,0.0000,0.0000,0.0000,0.0000
916,0.0000,0.0000,0.0000,0.0000,0.0000,0.0000,0.0000,0.0000
917,0.0000,0.0000,0.0000,0.0000,0.0000,0.0000,0.0000,0.0000
918,0.0000,-1.5283,-0.8383,0.0000,0.0000,-1.5554,-1.5254,0.0000
919,0.0000,0.0000,0.0000,0.0000,0.0000,0.0000,0.0000,0.0000
920,0.0000,0.0000,0.0000,0.0000,0.0000,0.0000,0.0000,0.0000
921,0.0000,0.0000,0.0000,0.0000,0.0000,0.0000,0.0000,0.0000
922,0.0000,-1.7109,-1.0927,0.0000,-1.2498,0.0000,0.0000,-1.2199
923,0.0000,0.0000,0.0000,0.0000,0.0000,0.0000,0.0000,0.0000
924,0.0000,0.0000,0.0000,0.0000,0.0000,0.0000,0.0000,0.0000
925,0.0000,0.0000,0.0000,0.0000,0.0000,0.0000,0.0000,0.0000
926,0.0000,-1.2530,-1.1225,0.0000,-1.1481,0.0000,-1.1481,0.0000
927,0.0000,0.0000,0.0000,0.0000,0.0000,0.0000,0.0000,0.0000
928,0.0000,0.0000,0.0000,0.0000,0.0000,0.0000,0.0000,0.0000
929,0.0000,0.0000,0.0000,0.0000,0.0000,0.0000,0.0000,0.0000
930,-0.5393,0.0000,0.0000,-1.8856,0.0000,-1.5718,0.0000,-1.5686
931,0.0000,0.0000,0.0000,0.0000,0.0000,0.0000,0.0000,0.0000
932,0.0000,0.0000,0.0000,0.0000,0.0000,0.0000,0.0000,0.0000
933,0.0000,0.0000,0.0000,0.0000,0.0000,0.0000,0.0000,0.0000
934,-0.9431,0.0000,0.0000,-1.2864,0.0000,-1.3850,-1.3359,0.0000
935,0.0000,0.0000,0.0000,0.0000,0.0000,0.0000,0.0000,0.0000
936,0.0000,0.0000,0.0000,0.0000,0.0000,0.0000,0.0000,0.0000
937,0.0000,0.0000,0.0000,0.0000,0.0000,0.0000,0.0000,0.0000
938,-1.1000,0.0000,0.0000,-1.4410,-1.2220,0.0000,0.0000,-1.4704
939,0.0000,0.0000,0.0000,0.0000,0.0000,0.0000,0.0000,0.0000
940,0.0000,0.0000,0.0000,0.0000,0.0000,0.0000,0.0000,0.0000
941,0.0000,0.0000,0.0000,0.0000,0.0000,0.0000,0.0000,0.0000
942,-1.1629,0.0000,0.0000,-1.2530,-1.2340,0.0000,-1.1933,0.0000
943,0.0000,0.0000,0.0000,0.0000,0.0000,0.0000,0.0000,0.0000
944,0.0000,0.0000,0.0000,0.0000,0.0000,0.0000,0.0000,0.0000
945,0.0000,0.0000,0.0000,0.0000,0.0000,0.0000,0.0000,0.0000
946,-1.3176,0.0000,-1.2974,0.0000,0.0000,-1.3678,0.0000,-1.3678
947,0.0000,0.0000,0.0000,0.0000,0.0000,0.0000,0.0000,0.0000
948,0.0000,0.0000,0.0000,0.0000,0.0000,0.0000,0.0000,0.0000
949,0.0000,0.0000,0.0000,0.0000,0.0000,0.0000,0.0000,0.0000
950,-1.0979,0.0000,-1.0421,0.0000,0.0000,-1.1477,-1.0434,0.0000
951,0.0000,0.0000,0.0000,0.0000,0.0000,0.0000,0.0000,0.0000
952,0.0000,0.0000,0.0000,0.0000,0.0000,0.0000,0.0000,0.0000
953,0.0000,0.0000,0.0000,0.0000,0.0000,0.0000,0.0000,0.0000
954,-1.2340,0.0000,-1.1933,0.0000,-1.2252,0.0000,0.0000,-1.2530
955,0.0000,0.0000,0.0000,0.0000,0.0000,0.0000,0.0000,0.0000
956,0.0000,0.0000,0.0000,0.0000,0.0000,0.0000,0.0000,0.0000
957,0.0000,0.0000,0.0000,0.0000,0.0000,0.0000,0.0000,0.0000
958,-1.0414,0.0000,-1.0414,0.0000,-1.0956,0.0000,-0.9840,0.0000
959,0.0000,0.0000,0.0000,0.0000,0.0000,0.0000,0.0000,0.0000
960,0.0000,0.0000,0.0000,0.0000,0.0000,0.0000,0.0000,0.0000
961,0.0000,0.0000,0.0000,0.0000,0.0000,0.0000,0.0000,0.0000
962,0.0000,-1.0394,0.0000,-1.0721,0.0000,-1.0386,0.0000,-1.0000
963,0.0000,0.0000,0.0000,0.0000,0.0000,0.0000,0.0000,0.0000
964,0.0000,0.0000,0.0000,0.0000,0.0000,0.0000,0.0000,0.0000
965,0.0000,0.0000,0.0000,0.0000,0.0000,0.0000,0.0000,0.0000
966,0.0000,-1.5841,0.0000,-1.5782,0.0000,-1.1949,-1.0000,0.0000
967,0.0000,0.0000,0.0000,0.0000,0.0000,0.0000,0.0000,0.0000
968,0.0000,0.0000,0.0000,0.0000,0.0000,0.0000,0.0000,0.0000
969,0.0000,0.0000,0.0000,0.0000,0.0000,0.0000,0.0000,0.0000
970,0.0000,-1.3360,0.0000,-1.3052,-1.0000,0.0000,0.0000,-1.1433
971,0.0000,0.0000,0.0000,0.0000,0.0000,0.0000,0.0000,0.0000
972,0.0000,0.0000,0.0000,0.0000,0.0000,0.0000,0.0000,0.0000
973,0.0000,0.0000,0.0000,0.0000,0.0000,0.0000,0.0000,0.0000
974,0.0000,-1.2575,0.0000,-1.2082,-1.0889,0.0000,-1.1900,0.0000
975,0.0000,0.0000,0.0000,0.0000,0.0000,0.0000,0.0000,0.0000
976,0.0000,0.0000,0.0000,0.0000,0.0000,0.0000,0.0000,0.0000
977,0.0000,0.0000,0.0000,0.0000,0.0000,0.0000,0.0000,0.0000
978,0.0000,-1.4916,-0.9938,0.0000,0.0000,-1.2706,0.0000,-1.3332
979,0.0000,0.0000,0.0000,0.0000,0.0000,0.0000,0.0000,0.0000
980,0.0000,0.0000,0.0000,0.0000,0.0000,0.0000,0.0000,0.0000
981,0.0000,0.0000,0.0000,0.0000,0.0000,0.0000,0.0000,0.0000
982,0.0000,-1.7289,-1.0653,0.0000,0.0000,-1.6660,-1.5391,0.0000
983,0.0000,0.0000,0.0000,0.0000,0.0000,0.0000,0.0000,0.0000
984,0.0000,0.0000,0.0000,0.0000,0.0000,0.0000,0.0000,0.0000
985,0.0000,0.0000,0.0000,0.0000,0.0000,0.0000,0.0000,0.0000
986,0.0000,-1.3678,-1.0999,0.0000,-1.1912,0.0000,0.0000,-1.2679
987,0.0000,0.0000,0.0000,0.0000,0.0000,0.0000,0.0000,0.0000
988,0.0000,0.0000,0.0000,0.0000,0.0000,0.0000,0.0000,0.0000
989,0.0000,0.0000,0.0000,0.0000,0.0000,0.0000,0.0000,0.0000
990,0.0000,-1.2530,-1.1372,0.0000,-1.1312,0.0000,-1.1481,0.0000
991,0.0000,0.0000,0.0000,0.0000,0.0000,0.0000,0.0000,0.0000
992,0.0000,0.0000,0.0000,0.0000,0.0000,0.0000,0.0000,0.0000
993,0.0000,0.0000,0.0000,0.0000,0.0000,0.0000,0.0000,0.0000
994,-0.9810,0.0000,0.0000,-1.7298,0.0000,-1.3035,0.0000,-1.3598
995,0.0000,0.0000,0.0000,0.0000,0.0000,0.0000,0.0000,0.0000
996,0.0000,0.0000,0.0000,0.0000,0.0000,0.0000,0.0000,0.0000
997,0.0000,0.0000,0.0000,0.0000,0.0000,0.0000,0.0000,0.0000
998,-1.1351,0.0000,0.0000,-1.7237,0.0000,-1.6227,-1.5564,0.0000
999,0.0000,0.0000,0.0000,0.0000,0.0000,0.0000,0.0000,0.0000
1000,0.0000,0.0000,0.0000,0.0000,0.0000,0.0000,0.0000,0.0000
1001,0.0000,0.0000,0.0000,0.0000,0.0000,0.0000,0.0000,0.0000
1002,-1.1000,0.0000,0.0000,-1.2864,-1.1912,0.0000,0.0000,-1.1072
1003,0.0000,0.0000,0.0000,0.0000,0.0000,0.0000,0.0000,0.0000
1004,0.0000,0.0000,0.0000,0.0000,0.0000,0.0000,0.0000,0.0000
1005,0.0000,0.0000,0.0000,0.0000,0.0000,0.0000,0.0000,0.0000
1006,-1.7000,0.0000,0.0000,-1.7000,-1.7000,0.0000,-1.6282,0.0000
1007,0.0000,0.0000,0.0000,0.0000,0.0000,0.0000,0.0000,0.0000
1008,0.0000,0.0000,0.0000,0.0000,0.0000,0.0000,0.0000,0.0000
1009,0.0000,0.0000,0.0000,0.0000,0.0000,0.0000,0.0000,0.0000
1010,-1.2220,0.0000,-1.2749,0.0000,0.0000,-1.1960,0.0000,-1.2864
1011,0.0000,0.0000,0.0000,0.0000,0.0000,0.0000,0.0000,0.0000
1012,0.0000,0.0000,0.0000,0.0000,0.0000,0.0000,0.0000,0.0000
1013,0.0000,0.0000,0.0000,0.0000,0.0000,0.0000,0.0000,0.0000
1014,-1.1481,0.0000,-1.0979,0.0000,0.0000,-1.1477,-1.1391,0.0000
1015,0.0000,0.0000,0.0000,0.0000,0.0000,0.0000,0.0000,0.0000
1016,0.0000,0.0000,0.0000,0.0000,0.0000,0.0000,0.0000,0.0000
1017,0.0000,0.0000,0.0000,0.0000,0.0000,0.0000,0.0000,0.0000
1018,-2.0999,0.0000,-1.8657,0.0000,-2.0900,0.0000,0.0000,-2.1173
1019,0.0000,0.0000,0.0000,0.0000,0.0000,0.0000,0.0000,0.0000
1020,0.0000,0.0000,0.0000,0.0000,0.0000,0.0000,0.0000,0.0000
1021,0.0000,0.0000,0.0000,0.0000,0.0000,0.0000,0.0000,0.0000
1022,-1.6156,0.0000,-1.6156,0.0000,-1.6184,0.0000,-1.6575,0.0000
1023,0.0000,0.0000,0.0000,0.0000,0.0000,0.0000,0.0000,0.0000
